Available,UPC,price,title
In stock (19 available),e72a5dfc7e9267b2,17.93,"The Coming Woman: A Novel Based on the Life of the Infamous Feminist, Victoria Woodhull"
In stock (22 available),a897fe39b1053632,51.77,A Light in the Attic
In stock (19 available),e10e1e165dc8be4a,22.60,The Boys in the Boat: Nine Americans and Their Epic Quest for Gold at the 1936 Berlin Olympics
In stock (20 available),e00eb4fd7b871a48,47.82,Sharp Objects
In stock (20 available),6957f44c3847a760,50.10,Soumission
In stock (20 available),90fa61229261140a,53.74,Tipping the Velvet
In stock (20 available),4165285e1663650f,54.23,Sapiens: A Brief History of Humankind
In stock (19 available),f77dbf2323deb740,22.65,The Requiem Red
In stock (19 available),1dfe412b8ac00530,52.15,The Black Maria
In stock (19 available),2597b5a345f45e1b,33.34,The Dirty Little Secrets of Getting Your Dream Job
In stock (19 available),0312262ecafa5a40,13.99,"Starving Hearts (Triangular Trade Trilogy, #1)"
In stock (19 available),30a7f60cd76ca58c,20.66,Shakespeare's Sonnets
In stock (19 available),ce6396b0f23f6ecc,17.46,Set Me Free
In stock (19 available),a22124811bfa8350,45.17,It's Only the Himalayas
In stock (19 available),3b1c02bac2a429e6,52.29,Scott Pilgrim's Precious Little Life (Scott Pilgrim #1)
In stock (19 available),a34ba96d4081e6a4,35.02,Rip it Up and Start Again
In stock (18 available),094b269567e1c300,18.02,Maude (1883-1993):She Grew Up with the country
In stock (17 available),55f9da0c5eea2e10,33.63,You can't bury them all: Poems
In stock (18 available),19ed25f4641d5efd,19.63,"In a Dark, Dark Wood"
In stock (18 available),be5cc846f45496fb,52.22,Behind Closed Doors
In stock (18 available),5dada2b7be26bd03,23.82,The Elephant Tree
In stock (18 available),668fe56b17cfcd4f,33.29,Penny Maybe
In stock (18 available),6be3beb0793a53e7,15.94,Sophie's World
In stock (18 available),9f6568e9c95f60b0,36.89,The Bear and the Piano
In stock (18 available),3c039985229453bf,31.05,The Five Love Languages: How to Express Heartfelt Commitment to Your Mate
In stock (18 available),6258a1f6a6dcfe50,17.66,The Four Agreements: A Practical Guide to Personal Freedom
In stock (18 available),ccd9ffa25efabdea,44.18,Wall and Piece
In stock (18 available),4c28def39d850cdf,40.30,Worlds Elsewhere: Journeys Around Shakespeare’s Globe
In stock (19 available),904208d6aa64b655,53.13,Aladdin and His Wonderful Lamp
In stock (19 available),c2e46a2ee3b4a322,25.27,Chase Me (Paris Nights #2)
In stock (19 available),c7d160c2c0de586f,22.50,America's Cradle of Quarterbacks: Western Pennsylvania's Football Factory from Johnny Unitas to Joe Montana
In stock (19 available),327f68a59745c102,37.32,How Music Works
In stock (19 available),9528d0948525bf5f,54.64,Birdsong: A Story in Pictures
In stock (19 available),5674a18a29a43ced,30.52,"Foolproof Preserving: A Guide to Small Batch Jams, Jellies, Pickles, Condiments, and More: A Foolproof Guide to Making Small Batch Jams, Jellies, Pickles, Condiments, and More"
In stock (19 available),00bfed9e18bb36f3,34.53,Black Dust
In stock (19 available),23356462d1320d61,12.84,In Her Wake
In stock (19 available),a18a4f574854aced,51.33,Libertarianism for Beginners
In stock (19 available),deda3e61b9514b83,57.25,"Our Band Could Be Your Life: Scenes from the American Indie Underground, 1981-1991"
In stock (19 available),e30f54cea9b38190,37.59,Mesaerion: The Best Science Fiction Stories 1800-1849
In stock (19 available),feb7cc7701ecf901,23.88,Olio
In stock (17 available),c8f7f0cb1abb9cac,26.41,Reasons to Stay Alive
In stock (17 available),b12b89017878a60d,47.61,Private Paris (Private #10)
In stock (17 available),c27f6e1f185b0383,23.11,#HigherSelfie: Wake Up Your Life. Free Your Soul. Find Your Tribe.
In stock (16 available),8d455c7539795d2a,50.27,"We Love You, Charlie Freeman"
In stock (17 available),b4fd5943413e089a,57.31,Slow States of Collapse: Poems
In stock (16 available),3ecb690d1542c568,31.77,When We Collided
In stock (16 available),acddfeab2a407640,45.07,Without Borders (Wanderlove #1)
In stock (16 available),657fe5ead67a7767,14.27,Untitled Collection: Sabbath Poems 2014
In stock (16 available),d170b5a0da46380e,44.18,"Unseen City: The Majesty of Pigeons, the Discreet Charm of Snails &amp; Other Wonders of the Urban Wilderness"
In stock (16 available),7ae099f3898e0209,18.78,Unicorn Tracks
In stock (16 available),9a9d6e9bc555731e,25.52,"Unbound: How Eight Technologies Made Us Human, Transformed Society, and Brought Our World to the Brink"
In stock (16 available),09555be379ad9253,16.28,Tsubasa: WoRLD CHRoNiCLE 2 (Tsubasa WoRLD CHRoNiCLE #2)
In stock (16 available),7858914fad68493c,31.12,Throwing Rocks at the Google Bus: How Growth Became the Enemy of Prosperity
In stock (16 available),51653ef291ab7ddc,19.49,This One Summer
In stock (16 available),709822d0b5bcb7f4,17.27,Thirst
In stock (16 available),cedf82b5086e4691,45.22,The Natural History of Us (The Fine Art of Pretending #2)
In stock (16 available),5ee94540d0749ea0,56.50,The Past Never Ends
In stock (16 available),b5ea0b5dabed25a8,56.13,The Secret of Dreadwillow Carse
In stock (16 available),142d767a56a9254d,56.41,"The Pioneer Woman Cooks: Dinnertime: Comfort Classics, Freezer Food, 16-Minute Meals, and Other Delicious Ways to Solve Supper!"
In stock (16 available),4eed62cf5f8d8edf,19.09,The Torch Is Passed: A Harding Family Story
In stock (16 available),8c9e6bf2467d740d,20.59,"The Inefficiency Assassin: Time Management Tactics for Working Smarter, Not Longer"
In stock (16 available),31075275518532d7,23.89,"The Mindfulness and Acceptance Workbook for Anxiety: A Guide to Breaking Free from Anxiety, Phobias, and Worry Using Acceptance and Commitment Therapy"
In stock (16 available),d01ac97e2b8947c2,54.11,The Murder That Never Was (Forensic Instincts #5)
In stock (16 available),7d385d34d12e60ff,38.16,The Nameless City (The Nameless City #1)
In stock (16 available),aadee1c326d286e3,42.96,The Most Perfect Thing: Inside (and Outside) a Bird's Egg
In stock (16 available),0da9aa9d24677fc0,16.77,The Life-Changing Magic of Tidying Up: The Japanese Art of Decluttering and Organizing
In stock (16 available),acd86a5426e21ca0,37.13,The Gutsy Girl: Escapades for Your Life of Epic Adventure
In stock (16 available),a30b270e25489e5c,56.06,The Electric Pencil: Drawings from Inside State Hospital No. 3
In stock (16 available),c82a3e358c773c73,50.40,"Rat Queens, Vol. 3: Demons (Rat Queens (Collected Editions) #11-15)"
In stock (16 available),bd261725b99f5983,58.11,The Death of Humanity: and the Case for Life
In stock (16 available),43c6a960757cf559,49.05,"The Bulletproof Diet: Lose up to a Pound a Day, Reclaim Energy and Focus, Upgrade Your Life"
In stock (16 available),d7310206583a54b6,19.83,Reskilling America: Learning to Labor in the Twenty-First Century
In stock (16 available),53a3d11bb568cc8b,51.04,"Saga, Volume 5 (Saga (Collected Editions) #5)"
In stock (16 available),c849f0b2f5d6a742,25.02,"Saga, Volume 6 (Saga (Collected Editions) #6)"
In stock (16 available),6f78a0d744c35456,39.25,Security
In stock (16 available),e6af5bf1163c1151,39.58,Soul Reader
In stock (16 available),7d6d2a6c0276f81b,32.24,The Activist's Tao Te Ching: Ancient Advice for a Modern Revolution
In stock (16 available),a3d2a4250807f1e9,19.73,The Age of Genius: The Seventeenth Century and the Birth of the Modern Mind
In stock (16 available),87b0615b6e1f4d7b,41.83,Spark Joy: An Illustrated Master Class on the Art of Organizing and Tidying Up
In stock (16 available),80cfab6bcff3a244,40.76,The Art Forger
In stock (16 available),0fa6dceead7ce47a,13.61,"Princess Jellyfish 2-in-1 Omnibus, Vol. 01 (Princess Jellyfish 2-in-1 Omnibus #1)"
In stock (16 available),0e691eda369f4e09,13.34,Princess Between Worlds (Wide-Awake Princess #5)
In stock (16 available),e80f8e518b300dfe,18.97,"Pop Gun War, Volume 1: Gift"
In stock (16 available),b136b1b180ca753a,22.00,In the Country We Love: My Family Divided
In stock (16 available),18ad3ed896c7ce05,35.67,Join
In stock (16 available),228f74b74f3a08ae,53.90,Judo: Seven Steps to Black Belt (an Introductory Guide for Beginners)
In stock (16 available),7b75cc7f223791f4,40.11,"Layered: Baking, Building, and Styling Spectacular Cakes"
In stock (16 available),b6ee99bcf06fc91f,45.61,"Lumberjanes, Vol. 1: Beware the Kitten Holy (Lumberjanes #1-4)"
In stock (16 available),57e5a4d515c8ce44,19.92,Lumberjanes Vol. 3: A Terrible Plan (Lumberjanes #9-12)
In stock (16 available),460089f796fb3f82,46.91,"Lumberjanes, Vol. 2: Friendship to the Max (Lumberjanes #5-8)"
In stock (16 available),72f9d5be3472d34e,14.02,"Mama Tried: Traditional Italian Cooking for the Screwed, Crude, Vegan, and Tattooed"
In stock (16 available),fa9610a50a1bf149,56.40,Masks and Shadows
In stock (16 available),784bc2279baa878d,33.37,My Paris Kitchen: Recipes and Stories
In stock (16 available),3c346ab1e76ae1f6,14.86,Obsidian (Lux #1)
In stock (16 available),b757c0c361e689ce,14.07,On a Midnight Clear
In stock (16 available),9ffa38d3b832433a,46.35,Online Marketing for Busy Authors: A Step-By-Step Guide
In stock (16 available),11809b1d323b3057,48.41,orange: The Complete Collection 1 (orange: The Complete Collection #1)
In stock (16 available),889139b8e9c4cb36,15.44,"Outcast, Vol. 1: A Darkness Surrounds Him (Outcast #1)"
In stock (16 available),9429b4d59c537af5,10.16,Patience
In stock (16 available),7392c0032f92d816,36.28,"Political Suicide: Missteps, Peccadilloes, Bad Calls, Backroom Hijinx, Sordid Pasts, Rotten Breaks, and Just Plain Dumb Mistakes in the Annals of American Politics"
In stock (16 available),8d4eefad7a2b3915,29.17,"I Hate Fairyland, Vol. 1: Madly Ever After (I Hate Fairyland (Compilations) #1-5)"
In stock (16 available),e4f74c16de34d440,57.36,Immunity: How Elie Metchnikoff Changed the Course of Modern Medicine
In stock (16 available),1c89ae5bb804e4de,54.63,I am a Hero Omnibus Volume 1
In stock (16 available),a6f99b9e687f9d46,46.03,How to Be Miserable: 40 Strategies You Already Use
In stock (16 available),2a97cffe61c3c4c7,33.97,Her Backup Boyfriend (The Sorensen Family #1)
In stock (16 available),f2df3bb043a8abb0,22.11,"Giant Days, Vol. 2 (Giant Days #5-8)"
In stock (16 available),8754c83ab2a7ae71,36.72,"Codename Baboushka, Volume 1: The Conclave of Death"
In stock (16 available),6d5300b2d8f37e07,28.09,"Avatar: The Last Airbender: Smoke and Shadow, Part 3 (Smoke and Shadow #3)"
In stock (16 available),bdf415fd484ea8a7,37.92,"Bitch Planet, Vol. 1: Extraordinary Machine (Bitch Planet (Collected Editions))"
In stock (16 available),74baabfc8fd84b38,49.46,Bossypants
In stock (16 available),bee3672891cca906,29.14,Call the Nurse: True Stories of a Country Nurse on a Scottish Isle
In stock (16 available),5ceb951f629700a2,28.81,Burning
In stock (16 available),7b599c8bfcdd8d30,17.08,Camp Midnight
In stock (16 available),09b6cc87e62c2c58,51.99,Danganronpa Volume 1
In stock (16 available),311c0dd0e354a33e,54.35,Everydata: The Misinformation Hidden in the Little Data You Consume Every Day
In stock (16 available),fce19f9b4a943f22,37.97,"Don't Be a Jerk: And Other Practical Advice from Dogen, Japan's Greatest Zen Master"
In stock (16 available),7add3f8e49ec0826,21.96,Fifty Shades Darker (Fifty Shades #2)
In stock (16 available),9e28048cea8d41f7,15.97,First and First (Five Boroughs #3)
In stock (16 available),9beb96a2300109d7,29.69,Forever and Forever: The Courtship of Henry Longfellow and Fanny Appleton
In stock (16 available),3a6fb983e2554023,55.53,A Flight of Arrows (The Pathfinders #2)
In stock (16 available),38d45839cb1c83c1,30.81,Algorithms to Live By: The Computer Science of Human Decisions
In stock (16 available),70ed59f194b3c556,42.95,A World of Flavor: Your Gluten Free Passport
In stock (16 available),8a380641491d43ed,56.76,"A Piece of Sky, a Grain of Rice: A Memoir in Four Meditations"
In stock (16 available),f733e8c19d40ec2e,16.64,A Murder in Time
In stock (16 available),842790dfaa937484,28.13,A Fierce and Subtle Poison
In stock (16 available),01d2001ac1e6f8a3,52.37,A Court of Thorns and Roses (A Court of Thorns and Roses #1)
In stock (15 available),f5a92cff83897d48,17.44,The Stranger
In stock (15 available),3bebf34ee9330cbd,12.61,The Third Wave: An Entrepreneur’s Vision of the Future
In stock (15 available),fd3a622648667296,42.15,The Vacationers
In stock (16 available),7267864328ae8b9d,43.29,Crown of Midnight (Throne of Glass #2)
In stock (15 available),623e1a180426039b,24.12,The Wedding Dress
In stock (15 available),37c0cb19713d8dda,58.08,The White Cat and the Monk: A Retelling of the Poem “Pangur Bán”
In stock (15 available),de3f25248ba0789f,59.64,Thomas Jefferson and the Tripoli Pirates: The Forgotten War That Changed American History
In stock (15 available),bc2a85fd35fdc7bd,52.72,Thirteen Reasons Why
In stock (15 available),d7d6d50c1e3d0b81,41.60,Tracing Numbers on a Train
In stock (15 available),590a9cccf7db9f7d,35.07,Throne of Glass (Throne of Glass #1)
In stock (15 available),b8736690cf263a3c,21.04,Tuesday Nights in 1980
In stock (15 available),9270575728a13a61,43.30,"William Shakespeare's Star Wars: Verily, A New Hope (William Shakespeare's Star Wars #4)"
In stock (15 available),42d0d7c92b75fc1c,17.24,The Genius of Birds
In stock (15 available),96a38e7c813d8f1d,41.25,The Cookies &amp; Cups Cookbook: 125+ sweet &amp; savory recipes reminding you to Always Eat Dessert First
In stock (15 available),d6670dfe3e7b42bd,23.15,The Emerald Mystery
In stock (15 available),e956d67c9bcc5809,55.02,The Girl on the Train
In stock (15 available),9287e238d7c3b06e,36.95,The House by the Lake
In stock (15 available),eac1a180047ad54e,41.82,The Kite Runner
In stock (15 available),abeafe151a587d3b,10.97,The Long Shadow of Small Ghosts: Murder and Memory in an American City
In stock (15 available),e28e330cbdf01126,37.60,The Love and Lemons Cookbook: An Apple-to-Zucchini Celebration of Impromptu Cooking
In stock (15 available),2dbb7ec08cdd7f3c,44.28,The Glittering Court (The Glittering Court #1)
In stock (15 available),08db62f24627e71f,55.85,The Matchmaker's Playbook (Wingmen Inc. #1)
In stock (15 available),99ff4cc6491e8f5c,43.29,The Mistake (Off-Campus #2)
In stock (15 available),c7b5183f4d1d4efe,44.10,The Murder of Roger Ackroyd (Hercule Poirot #4)
In stock (15 available),209adad1015af86f,38.21,The Omnivore's Dilemma: A Natural History of Four Meals
In stock (15 available),e4c7f3487d17fd42,37.34,The Nerdy Nummies Cookbook: Sweet Treats for the Geek in All of Us
In stock (15 available),8ec14b1576cb7cb5,43.54,The Power of Now: A Guide to Spiritual Enlightenment
In stock (15 available),790ef197c8f236f5,10.65,The Project
In stock (15 available),e98a4efa85070c2f,36.00,The Psychopath Test: A Journey Through the Madness Industry
In stock (15 available),0651062381f0636a,51.36,The Regional Office Is Under Attack!
In stock (15 available),d6361d16212664ed,33.14,The Shadow Hero (The Shadow Hero)
In stock (15 available),796c87ddbbaaf8c5,21.87,You Are What You Love: The Spiritual Power of Habit
In stock (15 available),961f18db4f138211,27.37,The Secret (The Secret #1)
In stock (16 available),e4ac92d89b946781,54.00,(Un)Qualified: How God Uses Broken People to Do Big Things
In stock (15 available),efc3768127714ec3,32.00,The Bridge to Consciousness: I'm Writing the Bridge Between Science and Our Old and New Beliefs.
In stock (15 available),dd047728de72ad62,38.49,The Artist's Way: A Spiritual Path to Higher Creativity
In stock (15 available),e7469e22b5bfb3e7,33.34,The Art of War
In stock (15 available),c99761a700ade23f,10.93,The Argonauts
In stock (15 available),56e4f9eab2e8e674,27.55,The 10% Entrepreneur: Live Your Startup Dream Without Quitting Your Day Job
In stock (15 available),ca71e72655bece85,16.24,Something More Than This
In stock (15 available),203b7f94b7d6115f,55.99,Suddenly in Love (Lake Haven #1)
In stock (15 available),2a70769cdc6eb8b8,26.12,Soft Apocalypse
In stock (15 available),e656e280bc8edd56,36.94,Romero and Juliet: A Tragic Tale of Love and Zombies
In stock (15 available),0e0dcc3339602b28,23.99,Shoe Dog: A Memoir by the Creator of NIKE
In stock (15 available),1c929cfd16b71907,43.55,Scarlett Epstein Hates It Here
In stock (15 available),ad04ad9fc179fc5d,20.27,Secrets and Lace (Fatal Hearts #1)
In stock (15 available),1b33663ad7b95fd8,12.23,So You've Been Publicly Shamed
In stock (15 available),0c27e6c3744fc14b,29.06,"Shobu Samurai, Project Aryoku (#3)"
In stock (15 available),b53db2271c9624f7,20.47,Redeeming Love
In stock (15 available),a40723994f715420,30.25,Mrs. Houdini
In stock (15 available),50b8f80311b31ede,38.28,"Nightingale, Sing"
In stock (15 available),cfeb1e1e0e695b58,41.05,Night Sky with Exit Wounds
In stock (15 available),31001a1210623bd4,14.19,Poems That Make Grown Women Cry
In stock (15 available),d9c643fa1fc57bdb,41.06,Poses for Artists Volume 1 - Dynamic and Sitting Poses: An Essential Reference for Figure Drawing and the Human Form
In stock (15 available),af96613fdd793a3c,10.76,Miss Peregrine’s Home for Peculiar Children (Miss Peregrine’s Peculiar Children #1)
In stock (15 available),caf4fe9311f1dc59,28.26,Modern Romance
In stock (15 available),d69dd8dac66f9f84,16.85,Louisa: The Extraordinary Life of Mrs. Adams
In stock (15 available),3a11bb962ff45b78,35.61,Doing It Over (Most Likely To #1)
In stock (15 available),46c1530d7546ea6d,42.16,"Deliciously Ella Every Day: Quick and Easy Recipes for Gluten-Free Snacks, Packed Lunches, and Simple Meals"
In stock (15 available),f6d967cdadc6fbd9,37.72,Done Rubbed Out (Reightman &amp; Bailey #1)
In stock (15 available),6ffb36aaeff1c81e,34.95,Drive: The Surprising Truth About What Motivates Us
In stock (15 available),65d034adf80834b7,41.62,"Fables, Vol. 1: Legends in Exile (Fables #1)"
In stock (15 available),29c0025455f8c585,54.59,Eureka Trivia 6.0
In stock (15 available),edb3097e71330040,53.53,Finders Keepers (Bill Hodges Trilogy #2)
In stock (15 available),2f88b08bf0a0e367,29.00,First Steps for New Christians (Print Edition)
In stock (15 available),8585760646e3aa2a,21.36,Follow You Home
In stock (15 available),116a2fdc9a45bab0,29.99,Frostbite (Vampire Academy #2)
In stock (15 available),ce60436f52c5ee68,49.43,Full Moon over Noah’s Ark: An Odyssey to Mount Ararat and Beyond
In stock (15 available),d163dd6c352fbcd2,22.16,Grumbles
In stock (15 available),4ce91d31c1e57c33,42.98,Hollow City (Miss Peregrine’s Peculiar Children #2)
In stock (15 available),fd8585283fc7d2d7,57.36,I Had a Nice Time And Other Lies...: How to find love &amp; sh*t like that
In stock (15 available),c1afd71fc86bf682,19.15,Large Print Heart of the Pride
In stock (15 available),4aa03792b50f0b22,13.47,Little Red
In stock (15 available),ba54932df84e8cea,48.56,Library of Souls (Miss Peregrine’s Peculiar Children #3)
In stock (15 available),3b9a3b4624b7fd6d,19.43,"Daring Greatly: How the Courage to Be Vulnerable Transforms the Way We Live, Love, Parent, and Lead"
In stock (15 available),88c21fcd38e2486e,19.19,Dark Notes
In stock (15 available),a57b1dcbd6849222,49.46,Close to You
In stock (15 available),513271dadc1322ae,37.80,Chasing Heaven: What Dying Taught Me About Living
In stock (15 available),1f329c2e7d7de8bd,30.80,Big Magic: Creative Living Beyond Fear
In stock (14 available),3fb15ace50d6142b,14.36,Wild Swans
In stock (14 available),2b5054a4192e9b06,52.65,Why the Right Went Wrong: Conservatism--From Goldwater to the Tea Party and Beyond
In stock (14 available),024387ca4cafd5cc,43.61,You (You #1)
In stock (14 available),047097293bb4d1c0,37.34,"Wonder Woman: Earth One, Volume One (Wonder Woman: Earth One #1)"
In stock (14 available),dd5bfa6cc2c0ecc3,24.70,Zealot: The Life and Times of Jesus of Nazareth
In stock (15 available),d195e7f4ed697350,12.51,Agnostic: A Spirited Manifesto
In stock (15 available),ffd54178acc9a6a5,50.54,Amatus
In stock (15 available),bb8245f52c7cce8f,36.58,Amid the Chaos
In stock (15 available),d24b829be2ca81c4,46.82,Anonymous
In stock (15 available),7ebfa6c1bee69e1e,18.46,Amy Meets the Saints and Sages
In stock (15 available),05f7c6d9a4e582d3,15.48,Ayumi's Violin
In stock (15 available),47271d8e08b5d31c,15.38,Batman: The Dark Knight Returns (Batman)
In stock (15 available),7edc0527cf782e19,36.50,Batman: The Long Halloween (Batman)
In stock (15 available),3f69e667a67e54d9,11.11,Beauty Restored (Riley Family Legacy Novellas #3)
In stock (15 available),919e7cb2269a25d2,27.43,Becoming Wise: An Inquiry into the Mystery and Art of Living
In stock (14 available),6fd646a334e6e133,19.60,What's It Like in Space?: Stories from Astronauts Who've Been There
In stock (14 available),44a10f1ac8ce822e,38.20,Whole Lotta Creativity Going On: 60 Fun and Unusual Exercises to Awaken and Strengthen Your Creativity
In stock (14 available),081305e6df719dff,52.67,The Testament of Mary
In stock (14 available),00c4543ec6bd25b4,44.48,The Songs of the Gods
In stock (14 available),e88fb1c9397cfb27,37.40,The Song of Achilles
In stock (14 available),012094e90a4b908d,54.04,The Rosie Project (Don Tillman #1)
In stock (14 available),1528279aec1f3dce,46.02,The Star-Touched Queen
In stock (14 available),e9906e2f0d189745,27.88,The Time Keeper
In stock (14 available),c5cb9f885d8b3621,32.61,The Wedding Pact (The O'Malleys #2)
In stock (14 available),6875c5657661b2fb,25.91,The White Queen (The Cousins' War #1)
In stock (14 available),08b2f71d93836313,56.80,The Wright Brothers
In stock (14 available),6e44bcbeac7f4360,25.38,Through the Woods
In stock (14 available),34c0d7c4ee5650af,43.04,The Year of Magical Thinking
In stock (14 available),f0f38174a7e689a3,27.12,This Is Where It Ends
In stock (14 available),1d6443ffba9dfd80,22.08,Twenty Yawns
In stock (14 available),aba2db9afb1469c7,46.31,Until Friday Night (The Field Party #1)
In stock (14 available),76c84daa539426e2,45.95,"Unbroken: A World War II Story of Survival, Resilience, and Redemption"
In stock (14 available),4a1debca3135ff37,37.10,V for Vendetta (V for Vendetta Complete)
In stock (14 available),2c04320e110a14a3,45.21,Take Me with You
In stock (14 available),2d1e337aaf341858,10.69,Tastes Like Fear (DI Marnie Rome #3)
In stock (14 available),0c7b9cf2b7662b65,13.92,That Darkness (Gardiner and Renner #1)
In stock (14 available),1b8187fa4bf6ab05,39.24,The 14th Colony (Cotton Malone #11)
In stock (14 available),dc6f688b82e42a5b,44.73,The Bane Chronicles (The Bane Chronicles #1-11)
In stock (14 available),923831a05c9f91f7,15.77,The Bad-Ass Librarians of Timbuktu: And Their Race to Save the World’s Most Precious Manuscripts
In stock (14 available),6edacfd1f8ebb9eb,35.35,The Darkest Lie
In stock (14 available),3d76bc83c6b644c9,48.78,The Dovekeepers
In stock (14 available),a86972014275e072,25.85,The First Hostage (J.B. Collins #2)
In stock (14 available),847935fc68707426,13.82,The Guilty (Will Robie #4)
In stock (14 available),ddc8340dabc8641b,28.77,The Help Yourself Cookbook for Kids: 60 Easy Plant-Based Recipes Kids Can Make to Stay Healthy and Save the Earth
In stock (14 available),f72f61ad6a5f12ed,40.67,The Immortal Life of Henrietta Lacks
In stock (14 available),992974ba6a0536ea,52.26,The Hidden Oracle (The Trials of Apollo #1)
In stock (14 available),3bc89353f7e3a3cc,54.21,The Last Mile (Amos Decker #2)
In stock (14 available),2d88a31f325dfd3b,23.40,The Loney
In stock (14 available),4881cc53f6c8892f,17.43,The Literature Book (Big Ideas Simply Explained)
In stock (14 available),f21effc079a2b38a,44.07,The Long Haul (Diary of a Wimpy Kid #9)
In stock (14 available),4e812d32d64e2431,10.40,The Lucifer Effect: Understanding How Good People Turn Evil
In stock (14 available),52cf2a5933ec5d8f,28.08,The Marriage of Opposites
In stock (14 available),6bdd909329435e80,16.88,The Power of Habit: Why We Do What We Do in Life and Business
In stock (14 available),6a31307a81e8f3a8,12.96,Walt Disney's Alice in Wonderland
In stock (14 available),92275cedf6d8ee15,53.90,"We Are Robin, Vol. 1: The Vigilante Business (We Are Robin #1)"
In stock (14 available),4c8b7540409da4ac,45.58,Swell: A Year of Waves
In stock (14 available),394f6d30cafc3edb,35.43,"So Cute It Hurts!!, Vol. 6 (So Cute It Hurts!! #6)"
In stock (14 available),ac8e3949d284e9a9,11.89,Superman Vol. 1: Before Truth (Superman by Gene Luen Yang #1)
In stock (14 available),fe44cc816576c652,26.41,Still Life with Bread Crumbs
In stock (14 available),3edcccc4f341fb1a,44.74,Sorting the Beef from the Bull: The Science of Food Fraud Forensics
In stock (14 available),95019eac1c0a052f,39.50,Steve Jobs
In stock (14 available),a278db6b2b09cf9f,52.79,Someone Like You (The Harrisons #2)
In stock (14 available),830fb3967c74866d,55.84,Shtum
In stock (14 available),a6454e329f872b78,23.57,Rain Fish
In stock (14 available),f9705c362f070608,48.87,See America: A Celebration of Our National Parks &amp; Treasured Sites
In stock (14 available),86cbddb61ea78bb7,46.78,salt.
In stock (14 available),31e2e2d9cca3778f,25.48,"Red Hood/Arsenal, Vol. 1: Open for Business (Red Hood/Arsenal #1)"
In stock (14 available),85b2176b3b194030,47.82,Robin War
In stock (14 available),aa35446aab16017f,50.89,"Quarter Life Poetry: Poems for the Young, Broke and Hangry"
In stock (14 available),af58a74e4b2a23a0,10.56,Pet Sematary
In stock (14 available),71e36f33981ddb74,38.39,"Naruto (3-in-1 Edition), Vol. 14: Includes Vols. 40, 41 &amp; 42 (Naruto: Omnibus #14)"
In stock (14 available),132ec5e8c984adef,21.95,No Dream Is Too High: Life Lessons From a Man Who Walked on the Moon
In stock (14 available),02b74068fa98d8a4,11.83,Old School (Diary of a Wimpy Kid #10)
In stock (14 available),e34efcc824685332,18.28,Once Was a Time
In stock (14 available),8ecf0356a3878811,52.15,"Overload: How to Unplug, Unwind, and Unleash Yourself from the Pressure of Stress"
In stock (14 available),727bf2b86b19ad88,41.56,My Name Is Lucy Barton
In stock (14 available),cc82685d9f49bc2c,24.48,My Mrs. Brown
In stock (14 available),137b0b2775701e11,40.36,My Kind of Crazy
In stock (14 available),caa2e5b3fb1b2d4c,28.90,Mr. Mercedes (Bill Hodges Trilogy #1)
In stock (14 available),47d47155e89c8be7,37.61,More Than Music (Chasing the Dream #1)
In stock (14 available),b96fc7a0ea7d4b45,38.85,Made to Stick: Why Some Ideas Survive and Others Die
In stock (14 available),5b43cae640f2338a,53.95,Luis Paints the World
In stock (14 available),6b6cd77fbc91b7a6,47.02,"Hush, Hush (Hush, Hush #1)"
In stock (14 available),d512871626a5e588,49.83,Luckiest Girl Alive
In stock (14 available),a10c7515834240f3,51.51,Lowriders to the Center of the Earth (Lowriders in Space #2)
In stock (14 available),fbb21a2f71f4d981,14.75,"Hyperbole and a Half: Unfortunate Situations, Flawed Coping Mechanisms, Mayhem, and Other Things That Happened"
In stock (14 available),aeff7b87a8e83ebb,10.60,I Am Pilgrim (Pilgrim #1)
In stock (14 available),b8a8ff84233f0570,25.98,I Know What I'm Doing -- and Other Lies I Tell Myself: Dispatches from a Life Under Construction
In stock (14 available),2b52334fab158861,29.65,Island of Dragons (Unwanteds #7)
In stock (14 available),245e6bf08b8d2955,19.55,"It's All Easy: Healthy, Delicious Weeknight Meals in under 30 Minutes"
In stock (14 available),708345c9897fd7c5,16.28,Lady Midnight (The Dark Artifices #1)
In stock (14 available),1174156c4a0eccaa,26.79,Let It Out: A Journey Through Journaling
In stock (14 available),17fb5a88180f9904,46.91,"Living Leadership by Insight: A Good Leader Achieves, a Great Leader Builds Monuments"
In stock (14 available),adb5f51c2e2ab13f,18.03,Love Is a Mix Tape (Music #1)
In stock (14 available),24af96df0bafb925,29.14,Looking for Lovely: Collecting the Moments that Matter
In stock (14 available),0b165bd4b9f42fd5,28.82,Hold Your Breath (Search and Rescue #1)
In stock (14 available),afa829857f82f99e,58.79,Hamilton: The Revolution
In stock (14 available),28cf0d1c51b491e5,25.01,Cometh the Hour (The Clifton Chronicles #6)
In stock (14 available),4b9d9cfe0f435788,47.72,Crazy Love: Overwhelmed by a Relentless God
In stock (14 available),0e94a089328be4bc,36.58,Daily Fantasy Sports
In stock (14 available),94a958ea126cdcd5,11.21,Dear Mr. Knightley
In stock (14 available),ad2887ce04583910,55.35,Don't Get Caught
In stock (14 available),bf5de316a5e9a4ab,40.12,Doctor Sleep (The Shining #2)
In stock (14 available),047dfa57ba0bf638,54.07,"Eat Fat, Get Thin"
In stock (14 available),3c6fe637a0180b01,37.51,Demigods &amp; Magicians: Percy and Annabeth Meet the Kanes (Percy Jackson &amp; Kane Chronicles Crossover #1-3)
In stock (14 available),a01f6d368ef64dc5,51.75,"Eaternity: More than 150 Deliciously Easy Vegan Recipes for a Long, Healthy, Satisfied, Joyful Life"
In stock (14 available),1d6dd0c87d90fe92,14.39,Eight Hundred Grapes
In stock (14 available),27c5968fe43cc06e,57.62,El Deafo
In stock (14 available),9eaf58b03a2779cc,27.09,Eligible (The Austen Project #4)
In stock (14 available),a2bd4ca82d908442,46.47,Every Last Word
In stock (14 available),de4b403cb629a29f,45.84,Glory over Everything: Beyond The Kitchen House
In stock (14 available),9194ae88379dbf1a,49.05,Feathers: Displays of Brilliant Plumage
In stock (14 available),ac4dde0d1be05de0,15.06,"Far &amp; Away: Places on the Brink of Change: Seven Continents, Twenty-Five Years"
In stock (14 available),eec424a84c9e4c68,30.03,God: The Most Unpleasant Character in All Fiction
In stock (14 available),f201f263d8c23f97,10.23,Greek Mythic History
In stock (14 available),ad41c24ccac0c7ce,51.48,Angels &amp; Demons (Robert Langdon #1)
In stock (14 available),1fbb5f786e53a0ce,34.20,Angels Walking (Angels Walking #1)
In stock (14 available),9b65f676984c9f0c,17.03,Balloon Animals
In stock (14 available),ffdc825785c0ede8,48.80,Art Ops Vol. 1
In stock (14 available),41164b8ac02a2c42,58.14,Aristotle and Dante Discover the Secrets of the Universe (Aristotle and Dante Discover the Secrets of the Universe #1)
In stock (14 available),0e0da9192a025efc,50.62,Barefoot Contessa at Home: Everyday Recipes You'll Make Over and Over Again
In stock (14 available),999912e63a3262ae,28.01,Barefoot Contessa Back to Basics
In stock (14 available),a80f66b254fe9eb3,49.32,Brain on Fire: My Month of Madness
In stock (14 available),bf68dcb5fad3cc8c,32.01,Batman: Europa
In stock (14 available),16ef91b9d827859c,37.80,Buying In: The Secret Dialogue Between What We Buy and Who We Are
In stock (14 available),5f22418922fa728b,46.23,Carrie
In stock (14 available),e2e7b683b4c15b7d,50.83,Catching Jordan (Hundred Oaks)
In stock (14 available),1b0fc9f777cad045,31.85,"Carry On, Warrior: Thoughts on Life Unarmed"
In stock (14 available),bfbb54bc8cdeed2b,20.29,Cell
In stock (14 available),8a6ec2761f91dad2,47.27,City of Ashes (The Mortal Instruments #2)
In stock (14 available),5b987e54ee72525c,43.28,City of Bones (The Mortal Instruments #1)
In stock (14 available),966ebb738e0f9d9b,56.02,City of Glass (The Mortal Instruments #3)
In stock (14 available),1e264c677d4ee4ae,11.23,City of Fallen Angels (The Mortal Instruments #4)
In stock (14 available),42b0c50fc44140ec,44.14,Clockwork Angel (The Infernal Devices #1)
In stock (14 available),33a3e0e3ffde0dcd,22.13,Code Name Verity (Code Name Verity #1)
In stock (14 available),39861fc1c0845d15,29.87,All the Light We Cannot See
In stock (14 available),5319169a72714c62,10.90,"Adulthood Is a Myth: A ""Sarah's Scribbles"" Collection"
In stock (12 available),ce1ae197ada2aec4,46.29,The Silent Sister (Riley MacPherson #1)
In stock (12 available),148715df5a02ea5e,37.55,Tipping Point for Planet Earth: How Close Are We to the Edge?
In stock (12 available),4a7a25be293ad678,32.30,The Star-Touched Queen
In stock (12 available),077b635ff2afc578,13.86,Will You Won't You Want Me?
In stock (13 available),4be9d1910f8a4e80,27.06,13 Hours: The Inside Account of What Really Happened In Benghazi
In stock (13 available),8bbd7df8a324f31d,11.53,My Kitchen Year: 136 Recipes That Saved My Life
In stock (13 available),44d97b6707dae3f0,37.86,Rook
In stock (13 available),2f0213137a80d485,38.73,Searching for Meaning in Gailana
In stock (13 available),ac5e0d3938caf686,13.33,"The Three Searches, Meaning, and the Story"
In stock (14 available),01a177623cce9596,55.51,A Brush of Wings (Angels Walking #3)
In stock (14 available),6e8e5626ac4d279e,21.80,1491: New Revelations of the Americas Before Columbus
In stock (14 available),d5e0526e1ab682a3,14.58,A Distant Mirror: The Calamitous 14th Century
In stock (14 available),8682c03de6a844ff,39.72,A Man Called Ove
In stock (14 available),1ad06aed9349af46,40.79,A People's History of the United States
In stock (14 available),c1379d3744f1dd2c,56.48,"A Series of Catastrophes and Miracles: A True Story of Love, Science, and Cancer"
In stock (14 available),63ee5bc46066a8a8,16.73,A Study in Scarlet (Sherlock Holmes #1)
In stock (14 available),4416c474713ec1f5,48.35,A Time of Torment (Charlie Parker #14)
In stock (14 available),cf1aa2fc02a7d1e0,56.37,Abstract City
In stock (12 available),b978c9852cde91bd,58.32,How to Speak Golf: An Illustrated Guide to Links Lingo
In stock (12 available),9546d537fbf99eb6,20.55,"Love, Lies and Spies"
In stock (12 available),c039f5aceb093537,35.28,Most Wanted
In stock (12 available),e7fe3bf2768602cf,54.36,Murder at the 42nd Street Library (Raymond Ambler #1)
In stock (12 available),db84624b151cbe06,54.65,No Love Allowed (Dodge Cove #1)
In stock (12 available),81ef44fcc5f454df,15.71,One with You (Crossfire #5)
In stock (12 available),abdd91e96515a617,26.80,Poisonous (Max Revere Novels #3)
In stock (12 available),b8d7b3f5c7a95d65,36.97,Psycho: Sanitarium (Psycho #1.5)
In stock (12 available),8976d9161c027142,43.14,Quench Your Own Thirst: Business Lessons Learned Over a Beer or Two
In stock (12 available),b63ea3f7a57ae099,48.05,Stars Above (The Lunar Chronicles #4.5)
In stock (12 available),f40fea200e0c644f,21.21,Snatched: How A Drug Queen Went Undercover for the DEA and Was Kidnapped By Colombian Guerillas
In stock (12 available),ebf81a62e4798fd1,49.67,Raspberry Pi Electronics Projects for the Evil Genius
In stock (12 available),64fd010bf8d15096,11.88,The Children
In stock (12 available),54fc03f1e1d355db,59.90,The Diary of a Young Girl
In stock (12 available),c6ca293d4810e0d5,56.54,The Dinner Party
In stock (12 available),f732d7d18a91d2ba,14.44,The Epidemic (The Program 0.6)
In stock (12 available),235fa48eeed11d82,39.43,The Golden Condom: And Other Essays on Love Lost and Found
In stock (12 available),3063c7e95d0bf76f,59.15,The Gray Rhino: How to Recognize and Act on the Obvious Dangers We Ignore
In stock (12 available),582a21a1dbbef3cf,33.26,The Lonely City: Adventures in the Art of Being Alone
In stock (12 available),bddc6fd036eb6279,11.84,Hide Away (Eve Duncan #20)
In stock (12 available),14e44163678e24dc,26.20,The Midnight Watch: A Novel of the Titanic and the Californian
In stock (11 available),b783ce08802cd1d1,47.67,Off the Hook (Fishing for Trouble #1)
In stock (11 available),05a61a3bd8ca4149,13.71,Playing with Fire
In stock (11 available),b06599b108e83f98,21.15,"Setting the World on Fire: The Brief, Astonishing Life of St. Catherine of Siena"
In stock (11 available),f435aa99d864077d,48.74,Sleeping Giants (Themis Files #1)
In stock (11 available),cf62fa272b5f0fa3,53.98,Take Me Home Tonight (Rock Star Romance #3)
In stock (11 available),1c584f82a7a1c4f0,21.00,The Art of Startup Fundraising
In stock (11 available),437d8dea9272d0a9,59.45,The Improbability of Love
In stock (11 available),985991708c47003e,11.68,"The Sleep Revolution: Transforming Your Life, One Night at a Time"
In stock (11 available),6159d8b187831770,27.26,The Widow
In stock (11 available),515cb8fcafb1ad98,48.39,Troublemaker: Surviving Hollywood and Scientology
In stock (12 available),a4eef523118805ef,38.77,"A la Mode: 120 Recipes in 60 Pairings: Pies, Tarts, Cakes, Crisps, and More Topped with Ice Cream, Gelato, Frozen Custard, and More"
In stock (12 available),63343e287971bb0c,39.01,A Paris Apartment
In stock (12 available),49b24c6a41b82bd2,59.48,Boar Island (Anna Pigeon #19)
In stock (12 available),d069086944f2e330,48.64,Can You Keep a Secret? (Fear Street Relaunch #4)
In stock (12 available),df7e628bad5782b4,40.83,Dirty (Dive Bar #1)
In stock (12 available),6983328f15506cb9,56.51,Eleanor &amp; Park
In stock (12 available),3968e3fbf4695d7c,56.86,Equal Is Unfair: America's Misguided Fight Against Income Inequality
In stock (12 available),76319fe9d8b465a3,20.10,Everyday Italian: 125 Simple and Delicious Recipes
In stock (12 available),c6a29d6df8de968c,41.46,Furiously Happy: A Funny Book About Horrible Things
In stock (11 available),469508882dfc1991,45.14,Lies and Other Acts of Love
In stock (11 available),28b2df9fadc9f07e,16.89,"Mother, Can You Not?"
In stock (10 available),34669b2e9d407d3a,24.57,"10% Happier: How I Tamed the Voice in My Head, Reduced Stress Without Losing My Edge, and Found Self-Help That Actually Works"
In stock (10 available),96aa539bfd4c07e2,49.71,10-Day Green Smoothie Cleanse: Lose Up to 15 Pounds in 10 Days!
In stock (11 available),a9d7b75461084a26,48.48,11/22/63
In stock (11 available),40c4bf520c17de54,14.75,A Gentleman's Position (Society of Gentlemen #3)
In stock (11 available),2b69dec0193511d9,19.53,A Mother's Reckoning: Living in the Aftermath of Tragedy
In stock (11 available),bb967277222e689c,20.88,Adultery
In stock (11 available),2c34f9432069b52b,21.36,Arena
In stock (11 available),f608c903c451f387,16.34,Daredevils
In stock (11 available),816180220e8cb419,21.59,Born for This: How to Find the Work You Were Meant to Do
In stock (11 available),2587c54f5530dafc,20.50,Cravings: Recipes for What You Want to Eat
In stock (11 available),c65c25d990fc7025,51.34,"Exit, Pursued by a Bear"
In stock (11 available),b5953ca1f8a0b8d7,48.49,Grey (Fifty Shades #4)
In stock (11 available),ce8666d9b42fc9a0,56.27,It Didn't Start with You: How Inherited Family Trauma Shapes Who We Are and How to End the Cycle
In stock (11 available),20dc4f1ac5d4fd9c,20.46,Keep Me Posted
In stock (11 available),825d6c44da3ca5a6,40.85,Lab Girl
In stock (11 available),bade9943ee01b63f,17.28,Lilac Girls
In stock (11 available),5569c3fea112718e,27.18,M Train
In stock (11 available),47e1b2d43f709995,13.34,Mothering Sunday
In stock (9 available),ab60e6f5a63e1cfb,48.27,Without Shame
In stock (9 available),d1848064c54e01c7,58.05,Watchmen
In stock (9 available),4fd0a2a350f016e6,58.87,Unlimited Intuition Now
In stock (9 available),0967effecd292a86,11.82,Underlying Notes
In stock (9 available),903a9f8090104c2c,28.03,The Shack
In stock (9 available),4b50fb1359ebf35d,44.05,The New Brand You: Your New Image Makes the Sale for You
In stock (9 available),65cfc9f242c2984a,12.34,"The Moosewood Cookbook: Recipes from Moosewood Restaurant, Ithaca, New York"
In stock (9 available),ca74f2e3c35a3e77,55.91,"The Fabric of the Cosmos: Space, Time, and the Texture of Reality"
In stock (9 available),33396269bcce166f,16.68,The Flowers Lied
In stock (9 available),e845d305f64154f1,33.23,Don't Forget Steven
In stock (9 available),7e9068872228c474,43.68,Dress Your Family in Corduroy and Denim
In stock (9 available),97187f5cf0385da3,33.95,"Fruits Basket, Vol. 9 (Fruits Basket #9)"
In stock (9 available),8fab4c4f6f82a4ce,20.91,If I Gave You God's Phone Number....: Searching for Spirituality in America
In stock (9 available),6baac632f7711e26,47.44,Modern Day Fables
In stock (9 available),ee6c67859d70186b,10.41,"NaNo What Now? Finding your editing process, revising your NaNoWriMo book and building a writing career through publishing and beyond"
In stock (9 available),e77594ece9b9d1fe,54.40,The Alien Club
In stock (9 available),913e7109cec0cb4c,25.08,Nap-a-Roo
In stock (9 available),0e095ed785af7e43,54.81,Suzie Snowflake: One beautiful flake (a self-esteem story)
In stock (9 available),f9c87ccb2bc4853b,52.98,The Art and Science of Low Carbohydrate Living
In stock (9 available),3f25a2fedae191cc,24.57,The Book of Mormon
In stock (9 available),7186241e043de5dc,35.92,Chernobyl 01:23:40: The Incredible True Story of the World's Worst Nuclear Disaster
In stock (9 available),d6d9ffea95f2f8bf,48.63,Art and Fear: Observations on the Perils (and Rewards) of Artmaking
In stock (9 available),63d5f1651880dcea,56.63,A Shard of Ice (The Black Symphony Saga #1)
In stock (9 available),c181ca8eabe7d18c,50.49,A Hero's Curse (The Unseen Chronicles #1)
In stock (9 available),61cf7eb9d2cd8bb0,35.79,23 Degrees South: A Tropical Tale of Changing Whether...
In stock (8 available),e77033ce559947f7,34.06,"Zero to One: Notes on Startups, or How to Build the Future"
In stock (8 available),bee6e93e9976f4fa,39.67,Shadows of the Past (Logan Point #1)
In stock (8 available),a2475a245c9907c4,38.89,Smarter Faster Better: The Secrets of Being Productive in Life and Business
In stock (8 available),e46a164cf310fd7d,58.33,Silence in the Dark (Logan Point #4)
In stock (8 available),331c26103d885cae,28.93,South of Sunshine
In stock (8 available),a2308a936e898d48,36.91,The E-Myth Revisited: Why Most Small Businesses Don't Work and What to Do About It
In stock (8 available),4f283dfcbeccc0d4,51.15,The High Mountains of Portugal
In stock (8 available),1bba4b1ba23ed2d6,35.88,The Grownup
In stock (8 available),9afd00e81d6208e6,41.39,The Martian (The Martian #1)
In stock (8 available),3eec766dda26fa64,43.02,The New Drawing on the Right Side of the Brain
In stock (8 available),5a0d2e9284004266,28.45,"The Midnight Assassin: Panic, Scandal, and the Hunt for America's First Serial Killer"
In stock (8 available),e0bdd79c7304ee8d,43.62,The Unlikely Pilgrimage of Harold Fry (Harold Fry #1)
In stock (8 available),1809259a5a5f1d8d,36.94,Vagabonding: An Uncommon Guide to the Art of Long-Term World Travel
In stock (8 available),b69c852e7e3956af,39.36,When Breath Becomes Air
In stock (8 available),04f6c929888f4f11,17.76,Why Not Me?
In stock (8 available),aeb51dfbe8aeec59,14.10,Roller Girl
In stock (8 available),52fc458ffc756faf,21.82,Rising Strong
In stock (8 available),d56d0710668bb39c,54.21,Proofs of God: Classical Arguments from Tertullian to Barth
In stock (8 available),4a823d80aa30dbb0,31.19,Please Kill Me: The Uncensored Oral History of Punk
In stock (8 available),c0fc0cd215ee1724,53.64,Out of Print: City Lights Spotlight No. 14
In stock (8 available),9a7291b89bd5445c,36.39,My Life Next Door (My Life Next Door )
In stock (8 available),bff270fe9c86a5a9,58.54,Miller's Valley
In stock (8 available),4729afff3bea0f0a,29.48,Man's Search for Meaning
In stock (8 available),4d3a4c7b442a9a4e,25.06,"Love That Boy: What Two Presidents, Eight Road Trips, and My Son Taught Me About a Parent's Expectations"
In stock (8 available),8a150fd8ff5d7686,10.29,History of Beauty
In stock (8 available),bbf1ea50be8008ab,44.21,I Will Find You
In stock (8 available),0ab4b35dcffcffd1,56.48,I'll Give You the Sun
In stock (8 available),0bfdef63285d3019,21.96,Hystopia: A Novel
In stock (8 available),b7870fa6dc088fbb,40.45,Howl and Other Poems
In stock (8 available),bd26e8a79a856c31,20.22,John Vassos: Industrial Design for Modern Life
In stock (8 available),0cf57cb49272fd37,47.13,Kierkegaard: A Christian Missionary to Christians
In stock (8 available),39eefec3a8498dde,45.05,Kill 'Em and Leave: Searching for James Brown and the American Soul
In stock (8 available),29af1a2566c4e36e,40.72,Left Behind (Left Behind #1)
In stock (8 available),c44c5e1425475206,29.04,Les Fleurs du Mal
In stock (8 available),044534b0b28b4e87,12.55,Living Forward: A Proven Plan to Stop Drifting and Get the Life You Want
In stock (8 available),df6a7c43faa6732b,55.65,Future Shock (Future Shock #1)
In stock (7 available),0ff9d10864db8364,35.96,The Whale
In stock (8 available),d48c1369927ebef1,52.86,Heaven is for Real: A Little Boy's Astounding Story of His Trip to Heaven and Back
In stock (7 available),4a0b78598b42897a,34.72,The Year of Living Biblically: One Man's Humble Quest to Follow the Bible as Literally as Possible
In stock (7 available),4242cc3d0437db12,25.55,Toddlers Are A**holes: It's Not Your Fault
In stock (7 available),a94350ee74deaa07,37.33,Under the Tuscan Sun
In stock (7 available),48cb52d78c992487,46.33,Unreasonable Hope: Finding Faith in the God Who Brings Purpose to Your Pain
In stock (7 available),9735c969c652dd89,25.37,What Happened on Beale Street (Secrets of the South Mysteries #2)
In stock (7 available),b46d022080543144,22.14,Wildlife of New York: A Five-Borough Coloring Book
In stock (8 available),f16c2edb2a603f92,44.48,"""Most Blessed of the Patriarchs"": Thomas Jefferson and the Empire of the Imagination"
In stock (7 available),88ec621893e595d0,12.08,You Are a Badass: How to Stop Doubting Your Greatness and Start Living an Awesome Life
In stock (8 available),b1a227b7609ff263,53.63,32 Yolks
In stock (8 available),fef91502cbacf23a,13.20,"A Murder Over a Girl: Justice, Gender, Junior High"
In stock (8 available),15ebd83e53d0391b,55.06,Being Mortal: Medicine and What Matters in the End
In stock (8 available),04e3de7ac35ec5cd,56.91,Between the World and Me
In stock (8 available),7f5157bf53065d36,11.45,Brilliant Beacons: A History of the American Lighthouse
In stock (8 available),77e9ea355bd8ae57,19.22,Brazen: The Courage to Find the You That's Been Hiding
In stock (8 available),0c11e2d068768dbb,28.41,Diary of a Citizen Scientist: Chasing Tiger Beetles and Other New Ways of Engaging the World
In stock (8 available),4dbd54d9e36c9566,37.51,Death by Leisure: A Cautionary Tale
In stock (8 available),e049d44c4f1cf1b2,43.64,Ender's Game (The Ender Quintet #1)
In stock (7 available),9147c5251cc99eb1,41.14,The Story of Art
In stock (7 available),0345872b14f9e774,10.01,The Origin of Species
In stock (7 available),68008abf6409dfde,32.38,Playing from the Heart
In stock (7 available),31c56c4d0fe19340,34.41,Raymie Nightingale
In stock (7 available),8486f61aa81a3daa,51.74,"Rich Dad, Poor Dad"
In stock (7 available),9639e89d20228e6e,52.87,"Shrunken Treasures: Literary Classics, Short, Sweet, and Silly"
In stock (7 available),7ffebdd1d5148aef,40.20,Sister Dear
In stock (7 available),bd087cf6a846db75,20.90,"Sit, Stay, Love"
In stock (7 available),8776181be110838a,20.90,Steal Like an Artist: 10 Things Nobody Told You About Being Creative
In stock (7 available),ba047a636b7d3793,20.12,Team of Rivals: The Political Genius of Abraham Lincoln
In stock (7 available),5fbd03b1ac0a0e69,33.17,The 7 Habits of Highly Effective People: Powerful Lessons in Personal Change
In stock (7 available),4b8fa561a1e52d1c,32.34,The Art Book
In stock (7 available),20789fb17b423c4c,52.30,The Bachelor Girl's Guide to Murder (Herringford and Watts Mysteries #1)
In stock (7 available),d250657f0ebc5d73,42.78,The Bourne Identity (Jason Bourne #1)
In stock (7 available),24933c712f0bca2f,16.62,The Constant Princess (The Tudor Court #1)
In stock (7 available),7a10353c9c54cf7c,35.67,The Drowning Girls
In stock (7 available),57f85720e54d6442,39.55,The Faith of Christopher Hitchens: The Restless Soul of the World's Most Notorious Atheist
In stock (7 available),47f4fd3e8e1dac05,16.24,The Glass Castle
In stock (7 available),f935412970c9f58f,49.03,The Good Girl
In stock (7 available),a322361a37a78d3d,25.77,Blue Like Jazz: Nonreligious Thoughts on Christian Spirituality
In stock (7 available),4781b6bfd6f7a2c5,52.60,"Chronicles, Vol. 1"
In stock (7 available),725cd8d23d78cdca,43.58,Meternity
In stock (7 available),4807043b8218e9ce,17.97,Counted With the Stars (Out from Egypt #1)
In stock (7 available),4e980425468708da,20.89,Delivering the Truth (Quaker Midwife Mystery #1)
In stock (7 available),4fa75fc6829431ca,12.16,Every Heart a Doorway (Every Heart A Doorway #1)
In stock (7 available),4e78f06160b717ac,46.64,Finding God in the Ruins: How God Redeems Pain
In stock (7 available),2e40333991f56f45,45.13,For the Love: Fighting for Grace in a World of Impossible Standards
In stock (7 available),de6d7645f192d517,19.57,"Fruits Basket, Vol. 7 (Fruits Basket #7)"
In stock (7 available),c00bc29a678a6efb,37.05,Good in Bed (Cannie Shapiro #1)
In stock (7 available),eff5710404e2ff78,28.25,How to Be a Domestic Goddess: Baking and the Art of Comfort Cooking
In stock (7 available),2a9fcb3382d351c8,46.01,How to Cook Everything Vegetarian: Simple Meatless Recipes for Great Food (How to Cook Everything)
In stock (7 available),68407606544d6f22,57.43,John Adams
In stock (7 available),4c82371b8cd02d4d,39.61,King's Folly (The Kinsman Chronicles #1)
In stock (7 available),b74ee891e2a6dd69,51.17,Leave This Song Behind: Teen Poetry at Its Best
In stock (7 available),40cdcbb7692fd408,13.22,Life of Pi
In stock (7 available),b6670507e85b30e6,28.77,Like Never Before (Walker Family #2)
In stock (7 available),dac4b5847454fd9b,49.67,Memoirs of a Geisha
In stock (7 available),924438fc6cbec836,11.38,"Naturally Lean: 125 Nourishing Gluten-Free, Plant-Based Recipes--All Under 300 Calories"
In stock (7 available),746029796363aa51,50.35,Nightstruck: A Novel
In stock (7 available),a8dbf1c6b41b885a,36.05,The Great Gatsby
In stock (7 available),6b52904b2ab91bf6,29.93,"At The Existentialist Café: Freedom, Being, and apricot cocktails with: Jean-Paul Sartre, Simone de Beauvoir, Albert Camus, Martin Heidegger, Edmund Husserl, Karl Jaspers, Maurice Merleau-Ponty and others"
In stock (7 available),5b546a46a86a9d8c,48.19,Benjamin Franklin: An American Life
In stock (7 available),6c7fa6844380f50a,52.40,A Short History of Nearly Everything
In stock (7 available),cc1936a9f4e93477,44.34,A Summer In Europe
In stock (6 available),774fa432bd7d9c47,39.67,The Rise and Fall of the Third Reich: A History of Nazi Germany
In stock (6 available),5ba3d703d1ae0c1d,57.84,The Sound Of Love
In stock (7 available),d1378a0ad06ff979,44.81,A Gathering of Shadows (Shades of Magic #2)
In stock (6 available),2da5edf8b5776c9a,24.80,The Mysterious Affair at Styles (Hercule Poirot #1)
In stock (6 available),60376aa71be66083,59.45,The Man Who Mistook His Wife for a Hat and Other Clinical Tales
In stock (6 available),fd364afd082f5446,55.02,The Perks of Being a Wallflower
In stock (6 available),2efa5a839e62b1bd,31.58,The Makings of a Fatherless Child
In stock (6 available),d326e189b1210916,43.27,The Joy of Cooking
In stock (6 available),e6635f5b0a2c78db,37.34,The Invention of Wings
In stock (6 available),48736df57e7bec9f,30.54,The Great Railway Bazaar
In stock (6 available),72b5355dda190b6a,17.80,The Hobbit (Middle-Earth Universe)
In stock (6 available),eb7459e0c570251d,15.79,The Girl You Left Behind (The Girl You Left Behind #1)
In stock (6 available),3d250ab0f12be445,15.42,The Collected Poems of W.B. Yeats (The Collected Works of W.B. Yeats #1)
In stock (6 available),2bc80eba94950873,46.85,The God Delusion
In stock (6 available),cb17945cb90b7837,10.27,The Fellowship of the Ring (The Lord of the Rings #1)
In stock (6 available),d33824cb93ecab6f,18.77,The Golden Compass (His Dark Materials #1)
In stock (6 available),6478ccb4416e6a5d,59.92,The Barefoot Contessa Cookbook
In stock (6 available),2a1b3d967cda1da2,50.96,Tell the Wolves I'm Home
In stock (6 available),720c36b2bee4692e,19.27,Pride and Prejudice
In stock (6 available),8d8e9f9b8730eb25,30.60,Ship Leaves Harbor: Essays on Travel by a Recovering Journeyman
In stock (6 available),6d235933670503d9,46.58,Musicophilia: Tales of Music and the Brain
In stock (6 available),f38f37ed934d84b2,48.51,Mere Christianity
In stock (6 available),7a2b51f69e81c722,19.02,Me Before You (Me Before You #1)
In stock (6 available),46cb43c2ab133ccc,21.30,An Unquiet Mind: A Memoir of Moods and Madness
In stock (6 available),9e60929f521fa280,56.88,A Year in Provence (Provence #1)
In stock (6 available),faf841f81c52638b,39.61,Better Homes and Gardens New Cook Book
In stock (6 available),6e06d0f00f6da20f,36.39,"Death Note, Vol. 6: Give-and-Take (Death Note #6)"
In stock (6 available),f3c70d296ec796c4,58.55,Catherine the Great: Portrait of a Woman
In stock (6 available),4e3b183180e2a992,40.32,Deception Point
In stock (6 available),97258f576d4bb672,20.96,"Fruits Basket, Vol. 6 (Fruits Basket #6)"
In stock (6 available),56a34d0cec11d6b0,56.59,Fun Home: A Family Tragicomic
In stock (6 available),384c7d41d5ffe9d1,42.14,"Girl, Interrupted"
In stock (6 available),012170e4fc87ace0,18.32,Give It Back
In stock (6 available),e792c0969cefe1b8,46.49,How to Stop Worrying and Start Living
In stock (6 available),fe0f34ebed689381,49.98,In Cold Blood
In stock (6 available),6958de044cb28a84,38.38,In the Woods (Dublin Murder Squad #1)
In stock (5 available),2e5b4ff08a75fd02,32.97,World Without End (The Pillars of the Earth #2)
In stock (5 available),e75f3ae1da1cc652,47.31,"Will Grayson, Will Grayson (Will Grayson, Will Grayson)"
In stock (5 available),fe7210553d56c097,44.58,The Expatriates
In stock (5 available),a2a9f76339d21ab1,56.00,The False Prince (The Ascendance Trilogy #1)
In stock (5 available),3661360c99719414,47.22,The Fault in Our Stars
In stock (5 available),ad84f18659e6bfe2,45.56,The Firm
In stock (5 available),c4589ee5977a47be,55.91,The Hiding Place
In stock (5 available),3213b1f13f5f0f7c,13.76,The Grand Design
In stock (5 available),dfd9ff1f343cdaff,24.73,The Little Paris Bookshop
In stock (5 available),0d210d2448c3018f,42.91,The Mathews Men: Seven Brothers and the War Against Hitler's U-boats
In stock (5 available),93379e3a2072a01b,28.58,The Metamorphosis
In stock (5 available),f701fae56b645ef7,11.05,The Power Greens Cookbook: 140 Delicious Superfood Recipes
In stock (5 available),e0b3a679b83caccc,57.74,The Raven Boys (The Raven Cycle #1)
In stock (5 available),bc209a900101f28d,38.40,This Is Your Brain on Music: The Science of a Human Obsession
In stock (5 available),abbb492978ff656d,15.08,The Secret Garden
In stock (5 available),2e4fc5eacceec12c,30.57,The Raven King (The Raven Cycle #4)
In stock (5 available),3a7d54a264d9f33e,14.64,Two Summers
In stock (5 available),163d89116179c33f,53.68,What If?: Serious Scientific Answers to Absurd Hypothetical Questions
In stock (5 available),60369d96b7b80869,41.73,Where She Went (If I Stay #2)
In stock (5 available),759ee7d059b1beb8,48.67,Why Save the Bankers?: And Other Essays on Our Economic and Political Crisis
In stock (5 available),b716233fcb6877e6,11.83,The 5th Wave (The 5th Wave #1)
In stock (5 available),c4182bdb53e2459a,11.33,The Darkest Corners
In stock (5 available),fec06f52054ea900,34.50,The Dream Thieves (The Raven Cycle #2)
In stock (5 available),b228042c088b1913,38.77,The Crossover
In stock (5 available),84126312e2431a09,45.51,Tell the Wind and Fire
In stock (5 available),50d5a7b861ed1c54,41.81,Tell Me Three Things
In stock (5 available),1dba84766a5e87b8,25.15,Talking to Girls About Duran Duran: One Young Man's Quest for True Love and a Cooler Haircut
In stock (5 available),84bb29c53592ac40,34.22,Siddhartha
In stock (5 available),44f545727e704187,15.52,Kill the Boy Band
In stock (5 available),07e6810fd3236bda,59.98,Last One Home (New Beginnings #1)
In stock (5 available),8dde2ff3f6fcc0a3,31.49,Killing Floor (Jack Reacher #1)
In stock (5 available),7093cf549cd2e7de,13.12,Logan Kade (Fallen Crest High #5.5)
In stock (5 available),5e1a88d248599768,23.63,Lola and the Boy Next Door (Anna and the French Kiss #2)
In stock (5 available),81c68492ccd72941,22.54,Maybe Something Beautiful: How Art Transformed a Neighborhood
In stock (5 available),12a90b90283b2e6d,24.91,Mexican Today: New and Rediscovered Recipes for Contemporary Kitchens
In stock (5 available),a4ce39a3720cd679,31.63,My Mother Was Nuts
In stock (5 available),6036239d2ab349b7,16.28,Peak: Secrets from the New Science of Expertise
In stock (5 available),2973d38c2fbd7a5c,11.48,Remember Me?
In stock (5 available),e958ae92f328c181,23.37,Red Dragon (Hannibal Lecter #1)
In stock (5 available),59a8ae019b64f2a7,16.23,Shiver (The Wolves of Mercy Falls #1)
In stock (5 available),45045146dbf7b009,48.13,Isla and the Happily Ever After (Anna and the French Kiss #3)
In stock (5 available),7284d85428305f5a,38.13,If I Stay (If I Stay #1)
In stock (5 available),add33db6ff80db24,51.22,America's War for the Greater Middle East: A Military History
In stock (5 available),f36d24c309e87e5b,10.00,An Abundance of Katherines
In stock (5 available),ad5e078beceaeb4a,34.13,"Blue Lily, Lily Blue (The Raven Cycle #3)"
In stock (5 available),612369a5947a012e,58.81,Approval Junkie: Adventures in Caring Too Much
In stock (5 available),b54d7416bb445989,17.49,Booked
In stock (5 available),429b4a811bef386c,20.75,Critique of Pure Reason
In stock (5 available),bcf567421c581f0a,32.35,"Data, A Love Story: How I Gamed Online Dating to Meet My Match"
In stock (5 available),1c0a38899c82b60a,52.41,"Death Note, Vol. 5: Whiteout (Death Note #5)"
In stock (5 available),94bb629a3f6dd00b,58.00,Digital Fortress
In stock (5 available),e46b1074b99ac4b6,35.63,Dracula the Un-Dead
In stock (5 available),d5ad4c92d8bf26c9,38.70,Drama
In stock (5 available),75cc85cdbe9ad46b,42.27,Evicted: Poverty and Profit in the American City
In stock (5 available),b28c7d07afa7063b,22.37,Find Her (Detective D.D. Warren #8)
In stock (5 available),630e766f0a1987dd,16.96,Fool Me Once
In stock (5 available),3fc124f59f3068e4,32.42,Foundation (Foundation (Publication Order) #1)
In stock (5 available),3fd83dcf37bf1bc0,16.33,"Fruits Basket, Vol. 5 (Fruits Basket #5)"
In stock (5 available),6c49258724f11770,23.32,Harry Potter and the Deathly Hallows (Harry Potter #7)
In stock (4 available),df53c2948b32bde3,27.88,"The Demon Prince of Momochi House, Vol. 4 (The Demon Prince of Momochi House #4)"
In stock (4 available),45033bdf3d9ed158,16.81,The Gunning of America: Business and the Making of American Gun Culture
In stock (4 available),31f5bbf4974d29c9,13.73,Some Women
In stock (4 available),8930013d06942df1,46.08,The Beast (Black Dagger Brotherhood #14)
In stock (4 available),ff2dffba388d9922,52.11,The Demonists (Demonist #1)
In stock (4 available),c65ee14957c0fa5c,28.23,The Geography of Bliss: One Grump's Search for the Happiest Places in the World
In stock (4 available),9c4d061c1e2fe6bf,59.71,The Bone Hunters (Lexy Vaughan &amp; Steven Macaulay #2)
In stock (4 available),6587f46697fc4443,14.82,The Hound of the Baskervilles (Sherlock Holmes #5)
In stock (4 available),6d2f70d9424f41a1,29.85,The Hunger Games (The Hunger Games #1)
In stock (4 available),6a57286a8890d8c5,38.71,The Jazz of Physics: The Secret Link Between Music and the Structure of the Universe
In stock (4 available),011674f4a3834b8d,28.32,The Passion of Dolssa
In stock (4 available),9cc207168a03470d,59.99,The Perfect Play (Play by Play #1)
In stock (4 available),6053ddf69c967d5f,50.26,The Pilgrim's Progress
In stock (4 available),a8f4577a48023344,52.35,Vogue Colors A to Z: A Fashion Coloring Book
In stock (4 available),d4de23aa98acc65b,27.88,The Shining (The Shining #1)
In stock (5 available),89a89e76f3516357,10.79,A Clash of Kings (A Song of Ice and Fire #2)
In stock (5 available),f2c8f4b4c94d5c5c,17.21,A Feast for Crows (A Song of Ice and Fire #4)
In stock (5 available),03cbb67c0f990d87,46.42,A Game of Thrones (A Song of Ice and Fire #1)
In stock (5 available),d219d4e325e6f204,36.55,I Know Why the Caged Bird Sings (Maya Angelou's Autobiography #1)
In stock (5 available),cf3b86489890b9f2,31.30,A Girl's Guide to Moving On (New Beginnings #2)
In stock (5 available),d9290e99f189ce84,58.59,Alight (The Generations Trilogy #2)
In stock (4 available),38199c5d7da0c0ef,48.39,Shopaholic Ties the Knot (Shopaholic #3)
In stock (4 available),8fff1084aa085a13,50.44,"Fruits Basket, Vol. 4 (Fruits Basket #4)"
In stock (4 available),ddbc5530d2939d49,27.80,God Is Not Great: How Religion Poisons Everything
In stock (4 available),5eff05e59f905a49,26.77,Girl With a Pearl Earring
In stock (4 available),23310ce84d3c9f85,32.49,Gone with the Wind
In stock (4 available),73f4f87dd936ee5c,48.75,Harry Potter and the Half-Blood Prince (Harry Potter #6)
In stock (4 available),c7c4f55b7321cba7,14.74,Harry Potter and the Chamber of Secrets (Harry Potter #2)
In stock (4 available),5a6b7155f2797537,31.63,Harry Potter and the Order of the Phoenix (Harry Potter #5)
In stock (4 available),eff24325e0ede639,24.17,Harry Potter and the Prisoner of Azkaban (Harry Potter #3)
In stock (4 available),ac337893a9fe0085,13.90,Harry Potter and the Sorcerer's Stone (Harry Potter #1)
In stock (4 available),670a2773607d785d,25.01,It
In stock (4 available),deda806b68b0aa11,28.07,Little Women (Little Women #1)
In stock (4 available),81d4191030b9704b,34.79,Misery
In stock (4 available),5212c6acea3359e5,20.44,Mockingjay (The Hunger Games #3)
In stock (4 available),70b585c9d0f15725,47.51,Needful Things
In stock (4 available),869d20b3b8128230,12.75,Night Shift (Night Shift #1-20)
In stock (4 available),2ba5ccc84d35006c,12.36,"Orchestra of Exiles: The Story of Bronislaw Huberman, the Israel Philharmonic, and the One Thousand Jews He Saved from Nazi Horrors"
In stock (4 available),3a95f5a2df4ff921,20.02,No One Here Gets Out Alive
In stock (4 available),5de4baa88061a77a,19.67,Outlander (Outlander #1)
In stock (4 available),ae884ac655d6ee3e,49.45,Paper and Fire (The Great Library #2)
In stock (3 available),be3db344a845580b,24.04,We Are All Completely Beside Ourselves
In stock (3 available),dab0196cd5fc8e5e,30.89,When You Are Engulfed in Flames
In stock (3 available),06bab964fd536971,31.95,We the People: The Modern-Day Figures Who Have Reshaped and Affirmed the Founding Fathers' Vision of America
In stock (3 available),d30b9215c72cca87,46.02,Wild: From Lost to Found on the Pacific Crest Trail
In stock (3 available),07bb35158d9dd3d2,18.13,"Where'd You Go, Bernadette"
In stock (3 available),5d55202da0252627,21.80,World War Z: An Oral History of the Zombie War
In stock (3 available),5a7ff9aaa3168878,17.73,Wuthering Heights
In stock (3 available),634b7165c96ebb9f,34.77,Zero History (Blue Ant #3)
In stock (4 available),6e9403f00acd6752,49.56,'Salem's Lot
In stock (4 available),aead11697d14ea36,56.43,A Walk to Remember
In stock (4 available),f6ae39568db1130e,55.65,A New Earth: Awakening to Your Life's Purpose
In stock (4 available),d12ca4020c2f602e,27.62,"A History of God: The 4,000-Year Quest of Judaism, Christianity, and Islam"
In stock (4 available),1451b55e5e56bb89,57.22,Animal Farm
In stock (4 available),78a4ac98191ac675,26.58,Atlas Shrugged
In stock (4 available),2798974abc8a58a8,58.63,Candide
In stock (4 available),0812f54c93d726ce,21.94,Can You Keep a Secret?
In stock (4 available),a2dc754afb69bb32,48.94,Confessions of a Shopaholic (Shopaholic #1)
In stock (4 available),aaebac5fda798b1b,13.38,Changing the Game (Play by Play #2)
In stock (4 available),ad15a9a139919918,34.93,Far From True (Promise Falls Trilogy #2)
In stock (4 available),2b69d289279aabfd,12.87,Dark Lover (Black Dagger Brotherhood #1)
In stock (3 available),0e4e2d31c2fb3aad,32.36,Walk the Edge (Thunder Road #2)
In stock (3 available),7feac4000cbc5859,21.07,Voyager (Outlander #3)
In stock (3 available),599a4f98bb193368,30.00,Under the Banner of Heaven: A Story of Violent Faith
In stock (3 available),52aa3d79b1cee455,50.66,Very Good Lives: The Fringe Benefits of Failure and the Importance of Imagination
In stock (3 available),4672d10b9b1e7a05,13.66,Vegan Vegetarian Omnivore: Dinner for Everyone at the Table
In stock (3 available),b830685072fa871f,58.09,"Unstuffed: Decluttering Your Home, Mind, and Soul"
In stock (3 available),61bc8167c9680283,32.74,Two Boys Kissing
In stock (3 available),b53078de0147f6bf,41.93,Twilight (Twilight #1)
In stock (3 available),8ebad30219b8679c,42.80,Twenties Girl
In stock (3 available),2173a2ce35f6ace1,53.51,"Trespassing Across America: One Man's Epic, Never-Done-Before (and Sort of Illegal) Hike Across the Heartland"
In stock (3 available),719d72f3ee512dc6,21.14,"Thinking, Fast and Slow"
In stock (3 available),57f755143ee96fd4,23.21,Three-Martini Lunch
In stock (3 available),a33ed2e6068df53e,14.41,"The Wicked + The Divine, Vol. 3: Commercial Suicide (The Wicked + The Divine)"
In stock (3 available),75fed6a47f69859d,56.07,The Wild Robot
In stock (3 available),813cff2aefa5d1f0,45.75,The Undomestic Goddess
In stock (3 available),742702d662a71410,23.59,The Smitten Kitchen Cookbook
In stock (3 available),224fa77d4b248046,10.02,The Tipping Point: How Little Things Can Make a Big Difference
In stock (3 available),49f24193f0b961e6,57.86,The Stand
In stock (3 available),f06039c29b5891fa,23.05,The Silkworm (Cormoran Strike #2)
In stock (3 available),3d15714d4d3d15dd,48.77,The Thing About Jellyfish
In stock (3 available),2b685187f55c5d31,15.77,The Travelers
In stock (3 available),91eb9605998a7c03,55.55,"The Sandman, Vol. 3: Dream Country (The Sandman (volumes) #3)"
In stock (3 available),1a5044d233936b1a,42.57,The Rise of Theodore Roosevelt (Theodore Roosevelt #1)
In stock (3 available),cf2f27fdf94ba20e,43.59,The Lonely Ones
In stock (3 available),36c15687f5ab0f7c,58.09,The Lover's Dictionary
In stock (3 available),4266f48a0aa1c37d,20.93,The Maze Runner (The Maze Runner #1)
In stock (3 available),6263c1d2997b8ce0,52.53,The Nanny Diaries (Nanny #1)
In stock (3 available),0baf71623648413a,37.25,The Name of God is Mercy
In stock (3 available),3e42ac0f4d43320f,44.92,The New Guy (and Other Senior Year Distractions)
In stock (3 available),29d6d87f3418638b,26.26,The Nightingale
In stock (3 available),ee441c8e027caa66,45.43,The Obsession
In stock (3 available),b9f6305a3d650e2c,29.70,The Picture of Dorian Gray
In stock (3 available),fa26798728f5208f,36.80,The Paris Wife
In stock (3 available),969f6c7e86554814,12.25,The Purest Hook (Second Circle Tattoos #3)
In stock (3 available),0e7beedf0ee9380c,37.19,The Purpose Driven Life: What on Earth Am I Here for?
In stock (3 available),e2d47e82c50d41d9,34.77,The Rest Is Noise: Listening to the Twentieth Century
In stock (3 available),0e92ccf1bd39e68f,10.92,The Restaurant at the End of the Universe (Hitchhiker's Guide to the Galaxy #2)
In stock (3 available),3c456328b04a8ee8,35.66,The Red Tent
In stock (3 available),366a236aa1ea6f07,23.21,The Road to Little Dribbling: Adventures of an American in Britain (Notes From a Small Island #2)
In stock (3 available),f51062bf579507d9,52.25,The Demon-Haunted World: Science as a Candle in the Dark
In stock (3 available),a6ab0cb7106a67f2,44.29,The Devil Wears Prada (The Devil Wears Prada #1)
In stock (3 available),63c0826ef59eae66,57.35,"The Disappearing Spoon: And Other True Tales of Madness, Love, and the History of the World from the Periodic Table of the Elements"
In stock (3 available),b22362b434e8ee62,26.33,The Day the Crayons Came Home (Crayons)
In stock (3 available),c6bf14cb901c63ac,13.03,"The Elegant Universe: Superstrings, Hidden Dimensions, and the Quest for the Ultimate Theory"
In stock (3 available),dd003e904727281a,43.45,The Exiled
In stock (3 available),b3f2bc2cefb35f05,22.13,"The End of Faith: Religion, Terror, and the Future of Reason"
In stock (3 available),8f5d16a5a9bd58b2,57.48,The Girl Who Kicked the Hornet's Nest (Millennium Trilogy #3)
In stock (3 available),bfa9cb304075d3e8,22.14,The Girl Who Played with Fire (Millennium Trilogy #2)
In stock (3 available),c88422d8959260ab,43.58,The Goldfinch
In stock (3 available),92dcc54a27107a37,49.47,The Girl with All the Gifts
In stock (3 available),e2dac1f4739e0bd5,12.30,The Giver (The Giver Quartet #1)
In stock (3 available),4a0a276409968a73,49.53,The Guernsey Literary and Potato Peel Pie Society
In stock (3 available),b5da59dd177eb36b,14.54,The Guns of August
In stock (3 available),a8b0ea6490bc818f,47.80,The Hitchhiker's Guide to the Galaxy (Hitchhiker's Guide to the Galaxy #1)
In stock (3 available),ff6bb30dd0c482a6,52.51,The Husband's Secret
In stock (3 available),554e9e2d532b3a87,27.41,The Infinities
In stock (3 available),35e69a79d2b1e804,29.64,"The Land of 10,000 Madonnas"
In stock (3 available),322a9e34d87f54b1,58.64,The Rose &amp; the Dagger (The Wrath and the Dawn #2)
In stock (3 available),476c7972e9b41891,55.55,The Last Painting of Sara de Vos
In stock (3 available),70c7c3ca7f9b2728,33.92,The Lean Startup: How Today's Entrepreneurs Use Continuous Innovation to Create Radically Successful Businesses
In stock (3 available),dabf11918b48b40c,22.96,The Da Vinci Code (Robert Langdon #2)
In stock (3 available),cad70d6ffd53912f,26.78,The Complete Stories and Poems (The Works of Edgar Allan Poe [Cameo Edition])
In stock (3 available),1be6d3b121865edb,19.21,The Cuckoo's Calling (Cormoran Strike #1)
In stock (3 available),23707d3ddf14a999,41.32,The Complete Poems
In stock (3 available),487449f4f6322f0f,24.55,The Catcher in the Rye
In stock (3 available),b7f475238ed50429,16.26,The Cat in the Hat (Beginner Books B-1)
In stock (3 available),970bd3316219e7dc,47.84,The Case for Christ (Cases for Christianity)
In stock (3 available),a75e274c8814b539,53.49,The Book Thief
In stock (3 available),08decd9664e5d56e,44.84,The Book of Basketball: The NBA According to The Sports Guy
In stock (3 available),cd3dcd83bb002e78,53.71,The Blind Side: Evolution of a Game
In stock (3 available),b04a6a0db525857d,23.43,The Autobiography of Malcolm X
In stock (3 available),311634df10651e05,34.32,"The Art of Simple Food: Notes, Lessons, and Recipes from a Delicious Revolution"
In stock (3 available),2858ac90c4758e1f,22.10,The Art of Fielding
In stock (3 available),61002f3b7ba5d780,25.83,"Surely You're Joking, Mr. Feynman!: Adventures of a Curious Character"
In stock (3 available),feaaae90514eb2ac,24.72,Soldier (Talon #3)
In stock (3 available),c57d3c96af23c297,46.45,Shopaholic &amp; Baby (Shopaholic #5)
In stock (3 available),a11ae5f07572ef49,36.74,Stiff: The Curious Lives of Human Cadavers
In stock (3 available),3fc9d51d1c4d6ba7,54.62,Something Blue (Darcy &amp; Rachel #2)
In stock (3 available),ac27ab4bcd9c492e,48.96,Something Borrowed (Darcy &amp; Rachel #1)
In stock (3 available),f08667e4c0458f37,49.51,Spilled Milk: Based on a True Story
In stock (3 available),07806456878931bc,52.33,Seven Days in the Art World
In stock (3 available),281a244ce1954711,30.60,Seven Brief Lessons on Physics
In stock (3 available),510832818edb6fbc,14.57,Scarlet (The Lunar Chronicles #2)
In stock (3 available),5b2cd5b31a510848,46.29,Sarah's Key
In stock (3 available),28921443f052bea6,12.91,Running with Scissors
In stock (3 available),7b870bf85d01c2dc,21.57,"Saga, Volume 3 (Saga (Collected Editions) #3)"
In stock (3 available),b4f5672f68ec3a83,50.11,Rogue Lawyer (Rogue Lawyer #1)
In stock (3 available),89cad3f37c9ce226,41.67,"Rise of the Rocket Girls: The Women Who Propelled Us, from Missiles to the Moon to Mars"
In stock (3 available),8e9dd8431170c09e,44.88,Rework
In stock (3 available),3250650a5c4e6f07,32.87,One for the Money (Stephanie Plum #1)
In stock (3 available),8378c899988905ee,24.61,Orange Is the New Black
In stock (3 available),c59283b05905c853,31.45,Original Fake
In stock (3 available),8e2dfd6bcf48e1e6,56.68,Packing for Mars: The Curious Science of Life in the Void
In stock (3 available),cb62418129b864a3,39.13,Persepolis: The Story of a Childhood (Persepolis #1-2)
In stock (3 available),09a7b0b566ad6225,14.16,Outliers: The Story of Success
In stock (3 available),3c565df219ba3274,43.55,Quiet: The Power of Introverts in a World That Can't Stop Talking
In stock (3 available),9707989a439757b4,43.63,Prodigy: The Graphic Novel (Legend: The Graphic Novel #2)
In stock (3 available),4c8ece50736f9e88,28.54,Red: The True Story of Red Riding Hood
In stock (3 available),ecdf73ee66c33b17,11.10,Reservations for Two
In stock (3 available),2ef5dc7e278e562a,19.07,Ready Player One
In stock (3 available),cb65e49993db9a93,40.17,Notes from a Small Island (Notes From a Small Island #1)
In stock (3 available),c4d9fce9eff3b8ba,13.51,Night (The Night Trilogy #1)
In stock (3 available),16e843e6b853cc2f,53.04,Lady Renegades (Rebel Belle #3)
In stock (3 available),190fbebbf798c31a,55.50,"Lamb: The Gospel According to Biff, Christ's Childhood Pal"
In stock (3 available),d5e1a9bfe22bbf9f,25.02,"Lean In: Women, Work, and the Will to Lead"
In stock (3 available),0ce8075fab4a2b5b,43.69,Legend (Legend #1)
In stock (3 available),1246e4ffeb5ac4ea,45.11,Let's Pretend This Never Happened: A Mostly True Memoir
In stock (3 available),1de75f05d57bfc10,22.20,Letter to a Christian Nation
In stock (3 available),4ec53ff7e2263f32,26.13,Life After Life
In stock (3 available),c53d9fefcda371e9,59.04,Life Without a Recipe
In stock (3 available),4b3f4f151c99f472,33.26,"Life, the Universe and Everything (Hitchhiker's Guide to the Galaxy #3)"
In stock (3 available),4ef75307fb64e2ad,12.47,Lila (Gilead #3)
In stock (3 available),0dcadb06206abd3c,11.87,Lust &amp; Wonder
In stock (3 available),546da23278482b0a,34.98,Manuscript Found in Accra
In stock (3 available),abc4a7ee16c21088,57.60,Me Talk Pretty One Day
In stock (3 available),e9056f9b5a40a301,55.46,Midnight Riot (Peter Grant/ Rivers of London - books #1)
In stock (3 available),7980fa06f2b704d8,57.83,"Miracles from Heaven: A Little Girl, Her Journey to Heaven, and Her Amazing Story of Healing"
In stock (3 available),7ce5a92baabb6bc0,29.40,Morning Star (Red Rising #3)
In stock (3 available),54aeeb4610d3ae08,31.69,Naked
In stock (3 available),747cf7fca2ccdbd4,38.95,Neither Here nor There: Travels in Europe
In stock (3 available),a0dd11f6abc421ec,44.97,Jurassic Park (Jurassic Park #1)
In stock (3 available),034829ffdd0a0aea,20.11,Is Everyone Hanging Out Without Me? (And Other Concerns)
In stock (3 available),984b3b6e7479b571,42.21,Golden (Heart of Dread #3)
In stock (3 available),d5c588b6f9c015e4,37.60,Gone Girl
In stock (3 available),4f6985aca357ae09,42.72,"Grayson, Vol 3: Nemesis (Grayson #3)"
In stock (3 available),c300cc9326592b65,26.66,Gratitude
In stock (3 available),621e2c310cec8d32,10.79,Green Eggs and Ham (Beginner Books B-16)
In stock (3 available),b003f8bb02f76dc5,44.07,Heir to the Sky
In stock (3 available),0cb4856be3694a57,51.07,Holidays on Ice
In stock (3 available),cc1ac978a6835ef6,37.52,Horrible Bear!
In stock (3 available),8010c7c148057fd3,28.88,I Am Malala: The Girl Who Stood Up for Education and Was Shot by the Taliban
In stock (3 available),557c03c284be1bf2,54.89,House of Leaves
In stock (3 available),6b32b561dab8036c,19.69,I've Got Your Number
In stock (3 available),6c4d17a46cac8787,33.14,Hungry Girl Clean &amp; Hungry: Easy All-Natural Recipes for Healthy Eating in the Real World
In stock (3 available),1812b8f5641287e3,43.70,"House of Lost Worlds: Dinosaurs, Dynasties, and the Story of Life on Earth"
In stock (3 available),61569d12d4ae7161,49.97,If I Run (If I Run #1)
In stock (3 available),d8292cd5f1aca291,28.85,"In the Garden of Beasts: Love, Terror, and an American Family in Hitler's Berlin"
In stock (3 available),6c4646d90b60a56c,41.00,Inferno (Robert Langdon #4)
In stock (3 available),a7c3f1010d64799a,56.70,Into the Wild
In stock (3 available),d4a29356fc992879,42.38,It's Never Too Late to Begin Again: Discovering Creativity and Meaning at Midlife and Beyond
In stock (3 available),41fc5dce044f16f5,46.83,Girl in the Blue Coat
In stock (3 available),d5f5a122a593b580,45.17,"Fruits Basket, Vol. 3 (Fruits Basket #3)"
In stock (3 available),dbe33cf29ef1623d,36.17,Cosmos
In stock (3 available),157f693d9e600ccc,10.62,Counting Thyme
In stock (3 available),c9782ad2a0ed9331,49.13,Crazy Rich Asians (Crazy Rich Asians #1)
In stock (3 available),66937c669c4da072,23.90,Dark Places
In stock (3 available),468bd274ac084bb9,56.02,Darkfever (Fever #1)
In stock (3 available),d234ddecef49ef4e,17.81,"David and Goliath: Underdogs, Misfits, and the Art of Battling Giants"
In stock (3 available),04d858cdeeee0da4,39.24,Dead Wake: The Last Crossing of the Lusitania
In stock (3 available),81372abc86f65c79,15.28,Disrupted: My Misadventure in the Start-Up Bubble
In stock (3 available),98330e431e56a9ea,51.48,Do Androids Dream of Electric Sheep? (Blade Runner #1)
In stock (3 available),a7ec599c1a547746,52.62,Dracula
In stock (3 available),36d5884d44484277,54.86,Dune (Dune #1)
In stock (3 available),73f71f9556442117,18.74,Eclipse (Twilight #3)
In stock (3 available),b843f52a986a2914,43.87,Eragon (The Inheritance Cycle #1)
In stock (3 available),588ba85ff11a3263,25.40,Extreme Prey (Lucas Davenport #26)
In stock (3 available),147019cae600694e,38.62,Fellside
In stock (3 available),ed813a848580ba50,15.36,Fifty Shades Freed (Fifty Shades #3)
In stock (3 available),2ed3a794a70aa85f,21.28,Fire Bound (Sea Haven/Sisters of the Heart #5)
In stock (3 available),a9aa3ed5b316470b,51.22,"Friday Night Lights: A Town, a Team, and a Dream"
In stock (3 available),396385e3de5d18c3,59.95,Civilization and Its Discontents
In stock (3 available),ef49db2aaa9bb547,37.35,Catastrophic Happiness: Finding Joy in Childhood's Messy Years
In stock (3 available),da0349a87c8caa2f,56.58,Are We Smart Enough to Know How Smart Animals Are?
In stock (3 available),ef9c4f2465513956,10.66,Are We There Yet?
In stock (3 available),5d22e2a46604b6e7,22.06,Ash
In stock (3 available),1d89a2aa9f6ce50f,38.02,Awkward
In stock (3 available),5439bae708bca198,21.55,Beautiful Creatures (Caster Chronicles #1)
In stock (3 available),3fb69f34e178d494,38.35,Beowulf
In stock (3 available),e256de8aa0c2115f,27.35,"Born to Run: A Hidden Tribe, Superathletes, and the Greatest Race the World Has Never Seen"
In stock (3 available),0bbc48294707ba96,21.74,Blink: The Power of Thinking Without Thinking
In stock (3 available),155e42df837ee5ff,20.79,Between Shades of Gray
In stock (3 available),67dea6c75d6a1075,27.41,Best of My Love (Fool's Gold #20)
In stock (3 available),d3f9c4539c0caa64,22.11,Big Little Lies
In stock (3 available),860318b8e244f39c,40.87,Black Flags: The Rise of ISIS
In stock (3 available),15f415d436888b2d,49.31,"Black Butler, Vol. 1 (Black Butler #1)"
In stock (3 available),8e0bc2fe4e7d35b5,21.12,Boy Meets Boy
In stock (3 available),fd2337c1b73b686e,51.32,Brave Enough
In stock (3 available),bbfc4a3b7b6c94a0,35.28,Breaking Dawn (Twilight #4)
In stock (3 available),b461cf238506c5b8,24.72,Career of Evil (Cormoran Strike #3)
In stock (3 available),7e9579921e5407cb,26.09,Cinder (The Lunar Chronicles #1)
In stock (2 available),97b8f130d32e9f4e,53.47,Girl Online On Tour (Girl Online #2)
In stock (3 available),cfe350b20d23b02b,35.01,And Then There Were None
In stock (3 available),7bf87402413c27ff,36.83,Annie on My Mind
In stock (2 available),b6d3f4f4ee1f6069,57.42,H is for Hawk
In stock (2 available),fb495f9f9015a772,34.00,Kindle Paperwhite User's Guide
In stock (2 available),637e5a45062aa548,31.58,Life
In stock (2 available),9189fd009df41d0e,11.75,"Saga, Volume 2 (Saga (Collected Editions) #2)"
In stock (2 available),6fa3ea52c8e31e06,12.86,New Moon (Twilight #2)
In stock (2 available),b0e479be03911916,20.02,"Run, Spot, Run: The Ethics of Keeping Pets"
In stock (2 available),ce42e3de94226b2b,24.42,Sugar Rush (Offensive Line #2)
In stock (2 available),f3c76b53b239f511,16.78,The Course of Love
In stock (2 available),276dc716b1da8899,54.81,"The Sandman, Vol. 2: The Doll's House (The Sandman (volumes) #2)"
In stock (2 available),4130678275eb7c8c,31.38,The Sense of an Ending
In stock (2 available),d2185b65af52d68c,11.89,"The Suffragettes (Little Black Classics, #96)"
In stock (3 available),165affa7adb5eded,50.96,#GIRLBOSS
In stock (3 available),f5873c8fc7760000,31.04,8 Keys to Mental Health Through Exercise
In stock (3 available),c9770bb1d5a492a0,54.29,A Heartbreaking Work of Staggering Genius
In stock (3 available),5dbd6ec4e154ad2f,14.08,A Visit from the Goon Squad
In stock (3 available),87beabf664115d79,31.22,A Storm of Swords (A Song of Ice and Fire #3)
In stock (1 available),e7e87087b1a44711,15.40,"Vampire Knight, Vol. 1 (Vampire Knight #1)"
In stock (1 available),66a4e422b212726a,39.51,Ways of Seeing
In stock (1 available),dab5e75d1339706a,53.82,Vampire Girl (Vampire Girl #1)
In stock (1 available),6f2c0a9adbb2bca9,29.45,The Selfish Gene
In stock (1 available),9e9932ae1a7d0943,36.25,The Silent Twin (Detective Jennifer Knight #3)
In stock (1 available),b78deb463531d078,12.34,The Silent Wife
In stock (1 available),32d035df92ab9080,43.19,The Story of Hong Gildong
In stock (1 available),6514add13c82b115,41.56,The Tumor
In stock (1 available),dac9d1e654fac737,36.52,"The Wicked + The Divine, Vol. 1: The Faust Act (The Wicked + The Divine)"
In stock (1 available),9c96cd1329fbd82d,19.69,The Zombie Room
In stock (1 available),d6d98d3508c30f57,48.71,This One Moment (Pushing Limits #1)
In stock (1 available),460f97a346b44bac,44.18,Three Wishes (River of Time: California #1)
In stock (1 available),e63c3f25338baf9a,30.95,Twenty Love Poems and a Song of Despair
In stock (1 available),0268f149d014b389,57.82,Travels with Charley: In Search of America
In stock (1 available),c5f91eb481427dc5,51.96,When I'm Gone
In stock (1 available),def389ddfda6991b,39.77,Where Lightning Strikes (Bleeding Stars #3)
In stock (1 available),8ceb5c6aed2c5f8b,41.32,While You Were Mine
In stock (1 available),09d26b5f819c6a36,18.51,"Y: The Last Man, Vol. 1: Unmanned (Y: The Last Man #1)"
In stock (2 available),d7b463918d3b8c39,52.88,Diary of a Minecraft Zombie Book 1: A Scare of a Dare (An Unofficial Minecraft Book)
In stock (2 available),c0db71f6bb14db11,11.64,"Fruits Basket, Vol. 2 (Fruits Basket #2)"
In stock (3 available),bcee4f289ff6699c,30.48,A Walk in the Woods: Rediscovering America on the Appalachian Trail
In stock (1 available),0ec9d2b018fb10d8,33.78,The Republic
In stock (1 available),5faefdc861684eb1,54.12,"The Sandman, Vol. 1: Preludes and Nocturnes (The Sandman (volumes) #1)"
In stock (1 available),38f776ab9118aed7,34.56,The Secret Healer
In stock (1 available),b0913e67d38d5ed5,57.70,The No. 1 Ladies' Detective Agency (No. 1 Ladies' Detective Agency #1)
In stock (1 available),5c10b64db3e4f228,36.34,The Nicomachean Ethics
In stock (1 available),f0512adadffd2480,29.64,The Odyssey
In stock (1 available),c8614adb1a90b027,50.59,The Name of the Wind (The Kingkiller Chronicle #1)
In stock (1 available),c40b70e0f6d80189,29.38,The Mirror &amp; the Maze (The Wrath and the Dawn #1.5)
In stock (1 available),16c71736dae78764,36.26,The Last Girl (The Dominion Trilogy #1)
In stock (1 available),1aeca7d078d57deb,45.42,The Little Prince
In stock (1 available),86d8bd7afa5b51b3,16.16,The Iliad
In stock (1 available),6e473eff459e809f,36.29,The Hook Up (Game On #1)
In stock (1 available),04e43893e32f9d29,54.43,The Light of the Fireflies
In stock (1 available),4280ac3eab57aa5d,12.29,The Girl You Lost
In stock (1 available),fff8a057a40c4a60,27.89,The Haters
In stock (1 available),18b4545a5ed15581,14.76,The Communist Manifesto
In stock (1 available),3301af038a720587,10.64,The Complete Maus (Maus #1-2)
In stock (1 available),29fc016c459aeb14,19.18,The Edge of Reason (Bridget Jones #2)
In stock (1 available),09659d1639a1f978,14.40,The End of the Jesus Era (An Investigation #1)
In stock (1 available),ee61197edb882599,15.85,The Girl In The Ice (DCI Erika Foster #1)
In stock (1 available),f3a0b8c835129558,57.49,The Bhagavad Gita
In stock (1 available),dfb0849016bc122c,30.66,The Bette Davis Club
In stock (1 available),5bc1fbccfbf2355c,40.83,The Art of Not Breathing
In stock (1 available),a7eef9d6795422c1,18.88,Taking Shots (Assassins #1)
In stock (1 available),3a9a7c5895e82646,13.33,Sister Sable (The Mad Queen #1)
In stock (1 available),e25164e5b3fe208b,25.83,Starlark
In stock (1 available),2ac720f76384c57e,42.12,"Skip Beat!, Vol. 01 (Skip Beat! #1)"
In stock (1 available),9ed7090d8fa690b0,42.40,Shatter Me (Shatter Me #1)
In stock (1 available),c068c013d6921fea,58.35,Shameless
In stock (1 available),229cd6564bf0dce4,21.72,Shadow Rites (Jane Yellowrock #10)
In stock (1 available),7ea31f38675b91c1,52.94,One Second (Seven #7)
In stock (1 available),8932e5c12f12ffed,28.99,Origins (Alphas 0.5)
In stock (1 available),3cdca3b4a93980f5,46.96,"Rat Queens, Vol. 1: Sass &amp; Sorcery (Rat Queens (Collected Editions) #1-5)"
In stock (1 available),849db7ab7f4a640c,24.96,Paradise Lost (Paradise #1)
In stock (1 available),326825e02a198cf6,29.87,"Ouran High School Host Club, Vol. 1 (Ouran High School Host Club #1)"
In stock (1 available),bcbcbcf0f6ed196f,21.71,"Paper Girls, Vol. 1 (Paper Girls #1-5)"
In stock (1 available),4f64568dfefa3ce7,28.48,"Saga, Volume 1 (Saga (Collected Editions) #1)"
In stock (1 available),9efb397067eb7e8a,28.34,"Rhythm, Chord &amp; Malykhin"
In stock (1 available),35e44170702139a4,37.46,Sense and Sensibility
In stock (1 available),132adf7335bb384a,44.91,Settling the Score (The Summer Games #1)
In stock (1 available),9ff997ab15713e53,32.36,On the Road (Duluoz Legend)
In stock (1 available),a1985630339f4b3d,55.66,Old Records Never Die: One Man's Quest for His Vinyl and His Past
In stock (1 available),eb0fe24bbc845ecc,56.76,"Giant Days, Vol. 1 (Giant Days #1-4)"
In stock (1 available),6717a70913b3db79,34.96,Having the Barbarian's Baby (Ice Planet Barbarians #7.5)
In stock (1 available),72e6fbf4f6382557,40.28,"Fruits Basket, Vol. 1 (Fruits Basket #1)"
In stock (1 available),6fe02600f322a0a9,45.24,"Hawkeye, Vol. 1: My Life as a Weapon (Hawkeye #1)"
In stock (1 available),3455b45888fb5053,40.44,Icing (Aces Hockey #2)
In stock (1 available),8d390a1fc3133d06,38.43,Jane Eyre
In stock (1 available),f28f7299d38c0932,34.74,Imperfect Harmony
In stock (1 available),06f6a57a6d532844,57.20,Kitchens of the Great Midwest
In stock (1 available),6e712ea24e77bd96,58.99,Listen to Me (Fusion #1)
In stock (1 available),71a6471bbdac21d9,24.89,Lord of the Flies
In stock (1 available),d510567580c8be52,27.70,Lost Among the Living
In stock (1 available),1053fb7ee17a1f33,28.34,Matilda
In stock (1 available),4f19709e47883df5,25.89,Meditations
In stock (1 available),35a60467893aa168,39.39,"Ms. Marvel, Vol. 1: No Normal (Ms. Marvel (2014-2015) #1)"
In stock (1 available),fd78f89878479f56,38.92,My Perfect Mistake (Over the Top #1)
In stock (1 available),63e20a0f98218a87,58.75,Myriad (Prentor #1)
In stock (1 available),39592d9d72e717c4,47.11,Of Mice and Men
In stock (1 available),b6f1cfadc4dd79d4,39.45,Off Sides (Off #1)
In stock (1 available),a492f49a3e2b6a71,38.00,Frankenstein
In stock (1 available),228ba5e7577e1d49,26.08,"1,000 Places to See Before You Die"
In stock (1 available),f684a82adc49f011,53.98,1st to Die (Women's Murder Club #1)
In stock (1 available),19fec36a1dfb4c16,16.97,A Spy's Devotion (The Regency Spies of London #1)
In stock (1 available),bfd5e1701c862ac3,57.06,"Ajin: Demi-Human, Volume 1 (Ajin: Demi-Human #1)"
In stock (1 available),08672cd59171d5e4,43.38,Beyond Good and Evil
In stock (1 available),cd2a2a70dd5d176d,55.53,Alice in Wonderland (Alice's Adventures in Wonderland #1)
In stock (1 available),099fae4a0705d63b,34.65,"Bleach, Vol. 1: Strawberry and the Soul Reapers (Bleach #1)"
In stock (1 available),95cdfd514098c38b,20.30,Blood Defense (Samantha Brinkman #1)
In stock (1 available),abc0b15f2c907ff0,37.26,Bounty (Colorado Mountain #7)
In stock (1 available),a2b4b685dfa94733,29.82,Bridget Jones's Diary (Bridget Jones #1)
In stock (1 available),230ac636ea0ea415,39.07,Bright Lines
In stock (1 available),a96404cb928895f3,41.24,Charity's Cross (Charles Towne Belles #4)
In stock (1 available),a812f6969ddf3e39,28.42,Choosing Our Religion: The Spiritual Lives of America's Nones
In stock (1 available),1774749f2cee292f,22.85,Charlie and the Chocolate Factory (Charlie Bucket #1)
In stock (1 available),0072b94dfa30608e,47.09,Deep Under (Walker Security #1)
In stock (1 available),df56868afd166557,51.32,"Eat, Pray, Love"
In stock (1 available),2e69730561ed70ad,32.93,Emma
In stock (1 available),6390772a3094939d,39.24,Fighting Fate (Fighting #6)
In stock (1 available),e564c3f1a93ccf2e,28.80,Forever Rockers (The Rocker #12)
